std_q,user_q,match_label,class_label
需要带电脑吗,我需要带电脑吗,0,0
需要带电脑吗,你是谁？,0,0
需要带电脑吗,我没听懂,0,0
需要带电脑吗,今天天气真好,0,0
需要带电脑吗,我要带着手机吗,0,0
需要带电脑吗,你是大学生吗,0,0
需要带电脑吗,我不是客服,0,0
需要带电脑吗,什么意思,0,0
需要带电脑吗,您好,0,0
我是用户,我就是用户,1,1
低压电,999v电,1,2
低压电,10v电,1,2
低压电,36v电,1,2
低压电,居民用电,1,2
低压电,低压,1,2
低压电,低压的电,1,2
低压电,200伏的电,1,2
低压电,220伏,1,2
低压电,220v,1,2
低压电,家庭用电,1,2
居民用户,我是小区居民,1,3
居民用户,我是小区用户,1,3
居民用户,给自己家里用,1,3
居民用户,给家里用,1,3
居民用户,我是要给自己家里用,1,3
居民用户,小区用户,1,3
居民用户,我是居民啊,1,3
居民用户,我是明光村小区的用户,1,3
居民用户,我是东王庄小区用户,1,3
居民用户,我是西王庄小区的用户,1,3
办电流程是怎样的？,您好，我想问一下怎么办电呢,1,4
办电流程是怎样的？,如何办电？,1,4
办电流程是怎样的？,怎么办电？,1,4
办电流程是怎样的？,您好，我想办电？,1,4
办电流程是怎样的？,你好我要办电,1,4
办电流程是怎样的？,您好请问如何办电,1,4
办电流程是怎样的？,怎么办电呢,1,4
办电流程是怎样的？,我想办电,1,4
办电流程是怎样的？,办电应该怎么做？,1,4
办电流程是怎样的？,办电的流程？,1,4
申请受理这一步要怎么做,申请受理这一步包括什么,1,5
申请受理这一步要怎么做,申请受理，我要怎么做,1,5
申请受理这一步要怎么做,申请受理这一步我要做什么,1,5
申请受理这一步要怎么做,申请受理是指,1,5
申请受理这一步要怎么做,申请受理是？,1,5
申请受理这一步要怎么做,申请受理怎么弄啊,1,5
申请受理这一步要怎么做,申请受理不太懂,1,5
申请受理这一步要怎么做,申请受理怎么办,1,5
申请受理这一步要怎么做,申请受理我需要做什么,1,5
申请受理这一步要怎么做,申请受理？？？,1,5
需要带什么材料？,需要带什么吗,1,6
需要带什么材料？,带什么,1,6
需要带什么材料？,需要什么材料？,1,6
需要带什么材料？,要带什么吗,1,6
需要带什么材料？,需要准备什么吗,1,6
需要带什么材料？,需要带点啥,1,6
需要带什么材料？,办电要带什么？,1,6
需要带什么材料？,办电的话，需要带什么呢,1,6
需要带什么材料？,办电要带什么？,1,6
需要带什么材料？,要带点什么嘛,1,6
需要带客户有效身份证明吗,我需要带客户有效身份证明吗,1,7
需要带客户有效身份证明吗,要带客户有效身份证明吗,1,7
需要带客户有效身份证明吗,我需要拿着客户有效身份证明吗,1,7
需要带客户有效身份证明吗,客户有效身份证明也要带着吗,1,7
需要带客户有效身份证明吗,客户有效身份证明是指,1,7
需要带客户有效身份证明吗,客户有效身份证明是？,1,7
需要带客户有效身份证明吗,客户有效身份证明包括什么,1,7
需要带客户有效身份证明吗,需不需要带客户有效身份证明,1,7
需要带客户有效身份证明吗,客户有效身份证明也得带着吗,1,7
需要带客户有效身份证明吗,带客户有效身份证明就可以了么,1,7
需要带身份证吗,我需要带身份证吗,1,8
需要带身份证吗,要带身份证吗,1,8
需要带身份证吗,身份证需要吗,1,8
需要带身份证吗,我就只带了身份证,1,8
需要带身份证吗,身份证？,1,8
需要带身份证吗,带了身份证,1,8
需要带身份证吗,没带身份证,1,8
需要带身份证吗,需不需要拿着身份证？,1,8
需要带身份证吗,要拿身份证吗,1,8
需要带身份证吗,只有身份证，行吗？,1,8
需要带护照吗,我需要带护照吗,1,9
需要带护照吗,护照需要吗,1,9
需要带护照吗,护照要带吗,1,9
需要带护照吗,护照呢？,1,9
需要带护照吗,要拿着护照嘛,1,9
需要带护照吗,需不需要带护照,1,9
需要带护照吗,护照也要嘛,1,9
需要带护照吗,带了护照。。,1,9
需要带护照吗,护照要不要拿？,1,9
需要带护照吗,护照要带着嘛？,1,9
需要带户口簿吗,我需要带户口簿吗,1,10
需要带户口簿吗,我需要拿户口簿吗,1,10
需要带户口簿吗,我需要带着户口簿咩,1,10
需要带户口簿吗,户口簿需要嘛,1,10
需要带户口簿吗,户口簿呢,1,10
需要带户口簿吗,户口簿呢，要不要拿着,1,10
需要带户口簿吗,要带户口簿吗？,1,10
需要带户口簿吗,我只带了户口簿，可以嘛,1,10
需要带户口簿吗,请问我需要带户口簿吗,1,10
需要带户口簿吗,户口簿也要啊。。,1,10
我是委托人,我替我朋友来办,1,11
我是委托人,我替我家里来办,1,11
我是委托人,我替我母亲来办,1,11
我是委托人,我替我父亲来办,1,11
我是委托人,我替我学校来办,1,11
我是委托人,我替我公司来办,1,11
我是委托人,我替我上司来办,1,11
我是委托人,我朋友让我帮忙办,1,11
我是委托人,我们公司委托我来办电,1,11
我是委托人,我不是给自己办,1,11
需要带委托人的身份证明吗,要带委托人的身份证明吗,1,12
需要带委托人的身份证明吗,委托人的身份证明需要吗,1,12
需要带委托人的身份证明吗,委托人的身份证明呢,1,12
需要带委托人的身份证明吗,委托人的身份证明呢？要带吗？,1,12
需要带委托人的身份证明吗,我需要带着委托人的身份证明吗,1,12
需要带委托人的身份证明吗,委托人的身份证明要不要带,1,12
需要带委托人的身份证明吗,委托人的身份证明要带吗？？,1,12
需要带委托人的身份证明吗,委托人的身份证明也是要的吧？,1,12
需要带委托人的身份证明吗,委托人的身份证明也是需要的吧？,1,12
需要带委托人的身份证明吗,需不需要带着委托人的身份证明？,1,12
需要带委托授权书吗,要带委托授权书吗,1,13
需要带委托授权书吗,委托授权书也要吗,1,13
需要带委托授权书吗,委托授权书也要带着吗,1,13
需要带委托授权书吗,需不需要带委托授权书？,1,13
需要带委托授权书吗,委托授权书呢？,1,13
需要带委托授权书吗,委托授权书可以不带吗,1,13
需要带委托授权书吗,我需要拿着委托授权书吗,1,13
需要带委托授权书吗,需要准备委托授权书嘛？,1,13
需要带委托授权书吗,委托授权书是不是也要带着？,1,13
需要带委托授权书吗,我现在只有委托授权书,1,13
需要带房产证或租赁协议复印件（出具产权人房产证复印件及同意报装证明）吗,需要带房产证吗,1,14
需要带房产证或租赁协议复印件（出具产权人房产证复印件及同意报装证明）吗,需要带租赁协议复印件吗,1,14
需要带房产证或租赁协议复印件（出具产权人房产证复印件及同意报装证明）吗,我需要带着房产证或租赁协议复印件（出具产权人房产证复印件及同意报装证明）吗,1,14
需要带房产证或租赁协议复印件（出具产权人房产证复印件及同意报装证明）吗,我需要带着房产证吗,1,14
需要带房产证或租赁协议复印件（出具产权人房产证复印件及同意报装证明）吗,我需要带着租赁协议复印件吗,1,14
需要带房产证或租赁协议复印件（出具产权人房产证复印件及同意报装证明）吗,我需要带着产权人房产证复印件及同意报装证明吗,1,14
需要带房产证或租赁协议复印件（出具产权人房产证复印件及同意报装证明）吗,产权人房产证复印件及同意报装证明都需要吗,1,14
需要带房产证或租赁协议复印件（出具产权人房产证复印件及同意报装证明）吗,需要产权人房产证复印件吗,1,14
需要带房产证或租赁协议复印件（出具产权人房产证复印件及同意报装证明）吗,要带着同意报装证明吗,1,14
需要带房产证或租赁协议复印件（出具产权人房产证复印件及同意报装证明）吗,要准备房产证或租赁协议复印件（出具产权人房产证复印件及同意报装证明）吗,1,14
我这属于私人宅基地建筑,我这算是私人宅基地建筑,1,15
我这属于私人宅基地建筑,我家属于宅基地,1,15
我这属于私人宅基地建筑,这房子属于私人宅基地建筑,1,15
我这属于私人宅基地建筑,这房子是私人宅基地建筑,1,15
我这属于私人宅基地建筑,这房子是宅基地,1,15
我这属于私人宅基地建筑,是私人宅基地建筑,1,15
我这属于私人宅基地建筑,是宅基地建筑,1,15
我这属于私人宅基地建筑,属于私人宅基地建筑,1,15
我这属于私人宅基地建筑,算是私人宅基地建筑,1,15
我这属于私人宅基地建筑,我们这属于私人宅基地建筑,1,15
需要带政府或规划部门的批复文件吗,需要带政府的批复文件吗,1,16
需要带政府或规划部门的批复文件吗,需要带规划部门的批复文件吗,1,16
需要带政府或规划部门的批复文件吗,要带政府批复文件吗,1,16
需要带政府或规划部门的批复文件吗,政府的批复文件需要带着么,1,16
需要带政府或规划部门的批复文件吗,需要拿着规划部门的批复文件吗,1,16
需要带政府或规划部门的批复文件吗,需要规划部门的批复文件吗,1,16
需要带政府或规划部门的批复文件吗,我要不要带着规划部门的批复文件,1,16
需要带政府或规划部门的批复文件吗,政府的批复文件也要带吗,1,16
需要带政府或规划部门的批复文件吗,规划部门的批复文件也要带吗,1,16
需要带政府或规划部门的批复文件吗,政府或规划部门的批复文件是不是也得拿着？,1,16
非居民用户,我是非居民,1,17
非居民用户,我不是居民,1,17
需要带企业法定代表人身份证复印件，或法定代表人签章的授权本单位人员的授权委托书及被授权经办人的身份证复印件吗,要带企业法定代表人身份证复印件，或法定代表人签章的授权本单位人员的授权委托书及被授权经办人的身份证复印件吗,1,18
需要带企业法定代表人身份证复印件，或法定代表人签章的授权本单位人员的授权委托书及被授权经办人的身份证复印件吗,我需要带企业法定代表人身份证复印件，或法定代表人签章的授权本单位人员的授权委托书及被授权经办人的身份证复印件吗,1,18
需要带企业法定代表人身份证复印件，或法定代表人签章的授权本单位人员的授权委托书及被授权经办人的身份证复印件吗,我需要带企业法定代表人身份证复印件吗,1,18
需要带企业法定代表人身份证复印件，或法定代表人签章的授权本单位人员的授权委托书及被授权经办人的身份证复印件吗,我需要带法定代表人签章的授权本单位人员的授权委托书吗,1,18
需要带企业法定代表人身份证复印件，或法定代表人签章的授权本单位人员的授权委托书及被授权经办人的身份证复印件吗,我需要带被授权经办人的身份证复印件吗,1,18
需要带企业法定代表人身份证复印件，或法定代表人签章的授权本单位人员的授权委托书及被授权经办人的身份证复印件吗,要带企业法定代表人身份证复印件吗,1,18
需要带企业法定代表人身份证复印件，或法定代表人签章的授权本单位人员的授权委托书及被授权经办人的身份证复印件吗,要带法定代表人签章的授权本单位人员的授权委托书吗,1,18
需要带企业法定代表人身份证复印件，或法定代表人签章的授权本单位人员的授权委托书及被授权经办人的身份证复印件吗,要带被授权经办人的身份证复印件吗,1,18
需要带企业法定代表人身份证复印件，或法定代表人签章的授权本单位人员的授权委托书及被授权经办人的身份证复印件吗,需要拿被授权经办人的身份证复印件吗,1,18
需要带企业法定代表人身份证复印件，或法定代表人签章的授权本单位人员的授权委托书及被授权经办人的身份证复印件吗,需不需要带企业法定代表人身份证复印件？,1,18
需要带有效营业执照复印件吗,要带有效营业执照复印件吗,1,19
需要带有效营业执照复印件吗,我需要要带有效营业执照复印件吗,1,19
需要带有效营业执照复印件吗,要带着有效营业执照复印件吗,1,19
需要带有效营业执照复印件吗,需不需要带有效营业执照复印件？,1,19
需要带有效营业执照复印件吗,有效营业执照复印件也得带着吗,1,19
需要带有效营业执照复印件吗,有效营业执照复印件需要吗,1,19
需要带有效营业执照复印件吗,有效营业执照复印件是不是也得拿着,1,19
需要带有效营业执照复印件吗,有效营业执照复印件也是需要的吧？,1,19
需要带有效营业执照复印件吗,有效营业执照复印件要不要带？,1,19
需要带有效营业执照复印件吗,请问要带有效营业执照复印件吗,1,19
我属于企业或工商客户,我是代表公司来的,1,20
我属于企业或工商客户,我是代表我们银行来的,1,20
我属于企业或工商客户,我属于企业客户,1,20
我属于企业或工商客户,我属于工商客户,1,20
我属于企业或工商客户,我是百度的,1,20
我属于企业或工商客户,我是阿里的,1,20
我属于企业或工商客户,我是石油公司的,1,20
我属于企业或工商客户,我是腾讯的,1,20
我属于企业或工商客户,我是中国银行的,1,20
我属于企业或工商客户,我是美团的,1,20
我属于企业或工商客户,我属于中国南方航空股份有限公司,1,20
我属于企业或工商客户,我是代表中国人民保险集团股份有限公司来的,1,20
我属于企业或工商客户,我属于新华人寿保险股份有限公司,1,20
我属于企业或工商客户,我是代表中国平安保险（集团）股份有限公司来的,1,20
我属于企业或工商客户,我是中国电力建设股份有限公司的,1,20
我属于企业或工商客户,我属于吉利汽车控股有限公司,1,20
我属于企业或工商客户,我是代表中国国际海运集装箱股份有限公司来的,1,20
我属于企业或工商客户,我属于中国工商银行股份有限公司,1,20
我属于企业或工商客户,我属于保利房地产（集团）股份有限公司,1,20
我属于企业或工商客户,我属于苏宁易购集团股份有限公司,1,20
我属于企业或工商客户,我是上海电气集团股份有限公司的,1,20
我属于企业或工商客户,我是中国华融资产管理股份有限公司的,1,20
我属于企业或工商客户,我属于华润医药集团有限公司,1,20
我属于企业或工商客户,我是代表中国铝业股份有限公司来的,1,20
我属于企业或工商客户,我是代表中国邮政储蓄银行股份有限公司来的,1,20
我属于企业或工商客户,我是代表TCL集团股份有限公司来的,1,20
我属于企业或工商客户,我是代表中国宏桥集团有限公司来的,1,20
我属于企业或工商客户,我是代表铜陵有色金属集团股份有限公司来的,1,20
我属于企业或工商客户,我属于中国中煤能源股份有限公司,1,20
我属于企业或工商客户,我是代表中国东方航空股份有限公司来的,1,20
我属于企业或工商客户,我是中国恒大集团的,1,20
我属于企业或工商客户,我属于上海医药集团股份有限公司,1,20
我属于企业或工商客户,我是代表青岛海尔股份有限公司来的,1,20
我属于企业或工商客户,我是代表四川长虹电器股份有限公司来的,1,20
我属于企业或工商客户,我是宝山钢铁股份有限公司的,1,20
我属于企业或工商客户,我属于招商银行股份有限公司,1,20
我属于企业或工商客户,我属于上海汽车集团股份有限公司,1,20
我属于企业或工商客户,我是长城汽车股份有限公司的,1,20
我属于企业或工商客户,我属于上海浦东发展银行股份有限公司,1,20
我属于企业或工商客户,我是代表中国建材股份有限公司来的,1,20
我属于企业或工商客户,我是代表中国航油（新加坡）股份有限公司来的,1,20
我属于企业或工商客户,我属于厦门国贸集团股份有限公司,1,20
我属于企业或工商客户,我是代表厦门建发股份有限公司来的,1,20
我属于企业或工商客户,我是代表紫金矿业集团股份有限公司来的,1,20
我属于企业或工商客户,我属于中国人寿保险股份有限公司,1,20
我属于企业或工商客户,我是代表中国信达资产管理股份有限公司来的,1,20
我属于企业或工商客户,我属于美的集团股份有限公司,1,20
我属于企业或工商客户,我属于中国铁建股份有限公司,1,20
我属于企业或工商客户,我是中国光大银行股份有限公司的,1,20
我属于企业或工商客户,我是中国建筑股份有限公司的,1,20
我属于企业或工商客户,我是中国农业银行股份有限公司的,1,20
我属于企业或工商客户,我是兖州煤业股份有限公司的,1,20
我属于企业或工商客户,我是代表阿里巴巴集团控股有限公司来的,1,20
我属于企业或工商客户,我是中国能源建设股份有限公司的,1,20
我属于企业或工商客户,我是中国电信股份有限公司的,1,20
我属于企业或工商客户,我属于联想控股股份有限公司,1,20
我属于企业或工商客户,我属于潍柴动力股份有限公司,1,20
我属于企业或工商客户,我是代表中升集团控股有限公司来的,1,20
我属于企业或工商客户,我属于东风汽车集团股份有限公司,1,20
我属于企业或工商客户,我是腾讯控股有限公司的,1,20
我属于企业或工商客户,我是中国石油天然气股份有限公司的,1,20
需要带营业执照复印件吗,要带营业执照复印件吗,1,21
需要带营业执照复印件吗,我需要要带有业执照复印件吗,1,21
需要带营业执照复印件吗,要带营业执照复印件嘛,1,21
需要带营业执照复印件吗,需要带着营业执照复印件吗,1,21
需要带营业执照复印件吗,请问要带营业执照复印件吗,1,21
需要带营业执照复印件吗,营业执照复印件也得带着吗,1,21
需要带营业执照复印件吗,营业执照复印件需要吗,1,21
需要带营业执照复印件吗,营业执照复印件需不需要,1,21
需要带营业执照复印件吗,营业执照复印件也要吗,1,21
需要带营业执照复印件吗,营业执照复印件？？,1,21
我属于机关事业单位,我是机关事业单位的,1,22
我属于机关事业单位,我是代表学校来的,1,22
我属于机关事业单位,我是公务员来办电,1,22
我属于机关事业单位,我是国企的,1,22
我属于机关事业单位,我是北邮的,1,22
我属于机关事业单位,我是北京邮电大学的,1,22
我属于机关事业单位,我是清华大学的,1,22
我属于机关事业单位,我是清华的,1,22
我属于机关事业单位,我是政府的,1,22
我属于机关事业单位,我是医院的,1,22
我属于机关事业单位,我是代表首府住房改革委员会办公室来的,1,22
我属于机关事业单位,我属于市教育局,1,22
我属于机关事业单位,我是供电局的,1,22
我属于机关事业单位,我是国家海洋局的,1,22
我属于机关事业单位,我是市园林管理局的,1,22
我属于机关事业单位,我属于市统计局,1,22
我属于机关事业单位,我是文教局的,1,22
我属于机关事业单位,我属于中国人民银行,1,22
我属于机关事业单位,我是中华人民共和国审计署的,1,22
我属于机关事业单位,我是代表中华人民共和国人事部来的,1,22
我属于机关事业单位,我是农业局的,1,22
我属于机关事业单位,我是新华通讯社的,1,22
我属于机关事业单位,我是代表市体育局来的,1,22
我属于机关事业单位,我是共青团市委的,1,22
我属于机关事业单位,我是中国民用航空总局的,1,22
我属于机关事业单位,我是国务院台湾事务办公室的,1,22
我属于机关事业单位,我是代表市公安局来的,1,22
我属于机关事业单位,我是中国国际贸易促进委员会的,1,22
我属于机关事业单位,我属于市安全生产监督管理局,1,22
我属于机关事业单位,我属于国务院国有资产监督管理委员会,1,22
我属于机关事业单位,我是中华人民共和国国家新闻出版署的,1,22
我属于机关事业单位,我是国家林业局的,1,22
我属于机关事业单位,我属于中国证券监督管理委员会,1,22
我属于机关事业单位,我是市规划管理局的,1,22
我属于机关事业单位,我是代表国家人口和计划生育委员会来的,1,22
我属于机关事业单位,我属于交通局,1,22
我属于机关事业单位,我是中华人民共和国文化部的,1,22
我属于机关事业单位,我是代表市经济委员会来的,1,22
我属于机关事业单位,我属于中国国家税务总局,1,22
我属于机关事业单位,我是国防科学技术工业委员会的,1,22
我属于机关事业单位,我是代表计划生育办来的,1,22
我属于机关事业单位,我是市食品药品监督管理局的,1,22
我属于机关事业单位,我属于市工商行政管理局,1,22
我属于机关事业单位,我是统计局的,1,22
我属于机关事业单位,我属于市招商促进局,1,22
我属于机关事业单位,我是国家烟草专卖局的,1,22
我属于机关事业单位,我属于中国保险监督管理委员会,1,22
我属于机关事业单位,我是代表中国气象局来的,1,22
我属于机关事业单位,我是中华人民共和国公安部的,1,22
我属于机关事业单位,我是代表市信访局来的,1,22
我属于机关事业单位,我是代表市城市社会经济调查队来的,1,22
我属于机关事业单位,我是中华全国青年联合会的,1,22
我属于机关事业单位,我是代表中华人民共和国海关总署来的,1,22
我属于机关事业单位,我是市图书馆的,1,22
我属于机关事业单位,我属于中华人民共和国国家外国专家局,1,22
我属于机关事业单位,我是代表中华全国工商业联合会来的,1,22
我属于机关事业单位,我是中华人民共和国国家知识产权局的,1,22
我属于机关事业单位,我属于中华人民共和国交通部,1,22
我属于机关事业单位,我是代表市水利局来的,1,22
我属于机关事业单位,我属于中国科学技术协会,1,22
需要事业法人证书或组织机构代码证复印件吗,要事业法人证书或组织机构代码证复印件吗,1,23
需要事业法人证书或组织机构代码证复印件吗,要带事业法人证书或组织机构代码证复印件吗,1,23
需要事业法人证书或组织机构代码证复印件吗,要带着事业法人证书或组织机构代码证复印件吗,1,23
需要事业法人证书或组织机构代码证复印件吗,需要带着事业法人证书或组织机构代码证复印件吗,1,23
需要事业法人证书或组织机构代码证复印件吗,需不需要要事业法人证书或组织机构代码证复印件吗,1,23
需要事业法人证书或组织机构代码证复印件吗,事业法人证书或组织机构代码证复印件也要吗,1,23
需要事业法人证书或组织机构代码证复印件吗,要带着事业法人证书吗,1,23
需要事业法人证书或组织机构代码证复印件吗,需要带着组织机构代码证复印件吗,1,23
需要事业法人证书或组织机构代码证复印件吗,事业法人证书需要拿着吗,1,23
需要事业法人证书或组织机构代码证复印件吗,组织机构代码证复印件也要吗,1,23
我属于军队,我是军队的,1,24
我属于军队,我是军队的,1,24
我属于军队,我是中国人民解放军的,1,24
我属于军队,我是中国人民武装警察部队的,1,24
我属于军队,我是中华人民共和国警察,1,24
我属于军队,我是广州军区的,1,24
我属于军队,我是第二炮兵的,1,24
我属于军队,我是武警内卫部队的,1,24
我属于军队,我属于中国人民解放军的,1,24
我属于军队,我代表我们军区来的,1,24
我属于军队,我是代表工程兵来的,1,24
我属于军队,我属于防化兵,1,24
我属于军队,我属于铁道兵,1,24
我属于军队,我是代表组建地地战略导弹部队来的,1,24
我属于军队,我是代表边防部队来的,1,24
我属于军队,我属于中国人民解放军,1,24
我属于军队,我属于通信兵,1,24
我属于军队,我是武警部队的,1,24
我属于军队,我属于陆军,1,24
我属于军队,我属于炮兵,1,24
我属于军队,我是空军的,1,24
我属于军队,我属于装甲兵,1,24
我属于军队,我是代表基本建设工程兵等兵种来的,1,24
我属于军队,我属于野战机动部队,1,24
我属于军队,我是电子对抗兵的,1,24
我属于军队,我属于海防部队,1,24
我属于军队,我是第二炮兵的,1,24
我属于军队,我是海军的,1,24
需要团级及以上证明吗,要团级及以上证明吗,1,25
需要团级及以上证明吗,是不是需要团级及以上证明,1,25
需要团级及以上证明吗,需不需要团级及以上证明,1,25
需要团级及以上证明吗,团级及以上证明就可以了吗,1,25
需要团级及以上证明吗,我只有团级及以上证明,1,25
需要团级及以上证明吗,我只带了团级及以上证明,1,25
需要团级及以上证明吗,团级及以上提供证明,1,25
需要团级及以上证明吗,团级及以上证明需要嘛？,1,25
需要团级及以上证明吗,请问要团级及以上证明吗,1,25
需要团级及以上证明吗,团级及以上证明也要吗,1,25
需要带房产证复印件或租赁协议复印件（出具房产证复印件及同意报装证明）吗,要房产证复印件或租赁协议复印件（出具房产证复印件及同意报装证明）吗,1,26
需要带房产证复印件或租赁协议复印件（出具房产证复印件及同意报装证明）吗,我需要带房产证复印件或租赁协议复印件（出具房产证复印件及同意报装证明）吗,1,26
需要带房产证复印件或租赁协议复印件（出具房产证复印件及同意报装证明）吗,我需要带着房产证复印件或租赁协议复印件（出具房产证复印件及同意报装证明）吗,1,26
需要带房产证复印件或租赁协议复印件（出具房产证复印件及同意报装证明）吗,房产证复印件或租赁协议复印件（出具房产证复印件及同意报装证明）也要吗,1,26
需要带房产证复印件或租赁协议复印件（出具房产证复印件及同意报装证明）吗,要准备房产证复印件或租赁协议复印件（出具房产证复印件及同意报装证明）吗,1,26
需要带房产证复印件或租赁协议复印件（出具房产证复印件及同意报装证明）吗,要带房产证复印件吗,1,26
需要带房产证复印件或租赁协议复印件（出具房产证复印件及同意报装证明）吗,要带租赁协议复印件吗,1,26
需要带房产证复印件或租赁协议复印件（出具房产证复印件及同意报装证明）吗,要带同意报装证明吗,1,26
需要带房产证复印件或租赁协议复印件（出具房产证复印件及同意报装证明）吗,房产证复印件需要吗,1,26
需要带房产证复印件或租赁协议复印件（出具房产证复印件及同意报装证明）吗,租赁协议复印件也要吗,1,26
我是农村的,我在我们村里办电,1,27
我是农村的,我家是农村的,1,27
需要乡镇及以上政府或规划部门的批复文件吗,要乡镇及以上政府或规划部门的批复文件吗,1,28
需要乡镇及以上政府或规划部门的批复文件吗,需不需要乡镇及以上政府或规划部门的批复文件,1,28
需要乡镇及以上政府或规划部门的批复文件吗,乡镇及以上政府或规划部门的批复文件也需要带着吗,1,28
需要乡镇及以上政府或规划部门的批复文件吗,我需要带着乡镇及以上政府或规划部门的批复文件吗,1,28
需要乡镇及以上政府或规划部门的批复文件吗,我需要带乡镇及以上政府或规划部门的批复文件嘛,1,28
需要乡镇及以上政府或规划部门的批复文件吗,乡镇及以上政府或规划部门的批复文件也需要吗,1,28
需要乡镇及以上政府或规划部门的批复文件吗,乡镇及以上政府或规划部门的批复文件呢,1,28
需要乡镇及以上政府或规划部门的批复文件吗,要带着乡镇及以上政府或规划部门的批复文件嘛,1,28
需要乡镇及以上政府或规划部门的批复文件吗,乡镇及以上政府或规划部门的批复文件是不是也要？,1,28
需要乡镇及以上政府或规划部门的批复文件吗,乡镇及以上政府或规划部门的批复文件也要吗,1,28
我这属于新建建筑物,我这里是新盖的,1,29
我这属于新建建筑物,我这里是新建的,1,29
我这属于新建建筑物,这个楼刚建好几天,1,29
我这属于新建建筑物,是新建建筑物,1,29
我这属于新建建筑物,新建的,1,29
需要立项、规划批复文件吗,要立项、规划批复文件吗,1,30
需要立项、规划批复文件吗,要带立项、规划批复文件吗,1,30
需要立项、规划批复文件吗,需要带着立项、规划批复文件吗,1,30
需要立项、规划批复文件吗,我需要带立项、规划批复文件吗,1,30
需要立项、规划批复文件吗,需不需要带立项、规划批复文件,1,30
需要带立项、规划批复文件吗,需要带立项文件吗,1,31
需要立项、规划批复文件吗,要带规划批复文件吗,1,32
需要立项、规划批复文件吗,规划批复文件是不是也需要带着？,1,32
需要立项、规划批复文件吗,规划批复文件需要吗,1,32
需要立项、规划批复文件吗,立项、规划批复文件呢,1,32
属于国家优惠价,是国家优惠价,1,33
属于国家优惠价,国家给了优惠,1,33
属于国家优惠价,价格打折了,1,33
属于国家优惠价,打折了,1,33
属于国家优惠价,七折价,1,33
属于国家优惠价,有国家优惠,1,33
属于国家优惠价,是优惠价格,1,33
属于国家优惠价,是打折后的价格,1,33
属于国家优惠价,我这属于优惠价格,1,33
属于国家优惠价,当时有优惠,1,33
需要政府有关部门核发的资质证明和公益证明（学校、养老院、居委会）吗,要政府有关部门核发的资质证明和公益证明（学校、养老院、居委会）吗,1,34
需要政府有关部门核发的资质证明和公益证明（学校、养老院、居委会）吗,我要带着政府有关部门核发的资质证明和公益证明（学校、养老院、居委会）吗,1,34
需要政府有关部门核发的资质证明和公益证明（学校、养老院、居委会）吗,需要带着政府有关部门核发的资质证明和公益证明（学校、养老院、居委会）,1,34
需要政府有关部门核发的资质证明和公益证明（学校、养老院、居委会）吗,需要拿着政府有关部门核发的资质证明和公益证明（学校、养老院、居委会）吗,1,34
需要政府有关部门核发的资质证明和公益证明（学校、养老院、居委会）吗,政府有关部门核发的资质证明和公益证明（学校、养老院、居委会）也要吗,1,34
需要政府有关部门核发的资质证明和公益证明（学校、养老院、居委会）吗,需要带政府有关部门核发的资质证明吗,1,34
需要政府有关部门核发的资质证明和公益证明（学校、养老院、居委会）吗,需要带政府有关部门核发的资质证明和公益证明吗,1,34
需要政府有关部门核发的资质证明和公益证明（学校、养老院、居委会）吗,需要准备政府有关部门核发的资质证明和公益证明吗,1,34
需要政府有关部门核发的资质证明和公益证明（学校、养老院、居委会）吗,需不需要政府有关部门核发公益证明,1,34
需要政府有关部门核发的资质证明和公益证明（学校、养老院、居委会）吗,需要带着政府有关部门核发的资质证明嘛,1,34
外部工程施工这一步怎么做,外部工程施工具体指什么,1,35
外部工程施工这一步怎么做,外部工程施工指什么,1,35
外部工程施工这一步怎么做,外部工程施工指的是？,1,35
外部工程施工这一步怎么做,外部工程施工不太懂呢,1,35
外部工程施工这一步怎么做,外部工程施工要怎么做,1,35
外部工程施工这一步怎么做,外部工程施工是怎么回事？,1,35
外部工程施工这一步怎么做,什么是外部工程施工,1,35
外部工程施工这一步怎么做,啥是外部工程施工,1,35
外部工程施工这一步怎么做,外部工程施工什么意思？,1,35
外部工程施工这一步怎么做,外部工程施工，我需要做什么？,1,35
装接电表这一步怎么做,装接电表具体指什么,1,36
装接电表这一步怎么做,装接电表是？,1,36
装接电表这一步怎么做,装接电表是怎么回事,1,36
装接电表这一步怎么做,装接电表需要我做什么嘛,1,36
装接电表这一步怎么做,装接电表不太懂,1,36
装接电表这一步怎么做,装接电表是啥,1,36
装接电表这一步怎么做,装接电表，不是很明白,1,36
装接电表这一步怎么做,不知道装接电表是啥,1,36
装接电表这一步怎么做,不清楚装接电表是指啥,1,36
装接电表这一步怎么做,装接电表是指？？,1,36
高压电,高压,1,37
高压电,2000v,1,37
高压电,大于1000伏,1,37
高压电,2000v,1,37
高压电,3000v,1,37
高压电,4000v,1,37
高压电,1kv,1,37
高压电,5kv,1,37
高压电,6kv,1,37
高压电,5000v,1,37
需要主体证明吗,要主体证明吗,1,38
需要主体证明吗,是不是也要主体证明,1,38
需要主体证明吗,我只有主题证明行吗,1,38
需要主体证明吗,我只有主题证明可以吗,1,38
需要主体证明吗,需不需要主题证明？,1,38
需要主体证明吗,主体证明，要带嘛,1,38
需要主体证明吗,主体证明需要带吗,1,38
需要主体证明吗,主体证明是不是也要？,1,38
需要主体证明吗,带了主体证明,1,38
需要主体证明吗,请问需要带主体证明吗,1,38
我属于企业,我属于企业,1,39
我属于企业,我代表公司来的,1,39
我属于企业,我是公司人员,1,39
我属于企业,我们公司派我来的,1,39
我属于企业,我给我们公司办,1,39
我属于企业,我是京东的,1,39
我属于企业,我是滴滴的,1,39
我属于企业,我是谷歌的,1,39
我属于企业,我是修正药业的,1,39
我属于企业,我是宝洁员工,1,39
我属于企业,我是代表绿地控股集团股份有限公司来的,1,39
我属于企业,我是代表远大产业控股股份有限公司来的,1,39
我属于企业,我属于华电国际电力股份有限公司,1,39
我属于企业,我是湖南华菱钢铁股份有限公司的,1,39
我属于企业,我属于中国海洋石油有限公司,1,39
我属于企业,我是厦门象屿股份有限公司的,1,39
我属于企业,我是中国交通建设股份有限公司的,1,39
我属于企业,我是中国民生银行股份有限公司的,1,39
我属于企业,我是京东方科技集团股份有限公司的,1,39
我属于企业,我属于国药控股股份有限公司,1,39
我属于企业,我是代表碧桂园控股有限公司来的,1,39
我属于企业,我是广汇汽车服务股份公司的,1,39
我属于企业,我是代表中兴通讯股份有限公司来的,1,39
我属于企业,我是昆仑能源有限公司的,1,39
我属于企业,我是代表江西铜业股份有限公司来的,1,39
我属于企业,我属于中国中车股份有限公司,1,39
我属于企业,我是中国建设银行股份有限公司的,1,39
我属于企业,我是中国银行股份有限公司的,1,39
我属于企业,我是珠海格力电器股份有限公司的,1,39
我属于企业,我是鞍钢股份有限公司的,1,39
我属于企业,我属于中国通信服务股份有限公司,1,39
我属于企业,我属于中国再保险（集团）股份有限公司,1,39
我属于企业,我是代表中国太平保险控股有限公司来的,1,39
我属于企业,我属于兴业银行股份有限公司,1,39
我属于企业,我是代表河钢股份有限公司来的,1,39
我属于企业,我是百度股份有限公司的,1,39
我属于企业,我是重庆长安汽车股份有限公司的,1,39
我属于企业,我属于交通银行股份有限公司,1,39
我属于企业,我是代表复星国际有限公司来的,1,39
我属于企业,我是代表中国中铁股份有限公司来的,1,39
我属于企业,我属于京东商城电子商务有限公司,1,39
我属于企业,我是代表比亚迪股份有限公司来的,1,39
我属于企业,我是代表海航科技股份有限公司来的,1,39
我属于企业,我属于万洲国际有限公司,1,39
我属于企业,我是中国移动有限公司的,1,39
我属于企业,我是代表中国国际航空股份有限公司来的,1,39
我属于企业,我属于中国中信股份有限公司,1,39
我属于企业,我是代表中国冶金科工股份有限公司来的,1,39
我属于企业,我是代表中国联合网络通信股份有限公司来的,1,39
我属于企业,我是代表华能国际电力股份有限公司来的,1,39
我属于企业,我是代表中远海运控股股份有限公司来的,1,39
我属于企业,我属于北京汽车股份有限公司,1,39
我属于企业,我是中国石油化工股份有限公司的,1,39
我属于企业,我是中国太平洋保险（集团）股份有限公司的,1,39
我属于企业,我是代表万科企业股份有限公司来的,1,39
我属于企业,我是代表华润置地有限公司来的,1,39
我属于企业,我是代表中国神华能源股份有限公司来的,1,39
我属于企业,我是上海建工集团股份有限公司的,1,39
我属于企业,我是代表物产中大集团股份有限公司来的,1,39
我属于机关事业单位或其他非营利组织,我是机关事业单位的,1,40
我属于机关事业单位或其他非营利组织,我是代表机关事业单位来的,1,40
我属于机关事业单位或其他非营利组织,我是北师大的,1,40
我属于机关事业单位或其他非营利组织,我是北京师范大学的,1,40
我属于机关事业单位或其他非营利组织,我是北京语言大学的,1,40
我属于机关事业单位或其他非营利组织,我是北大的,1,40
我属于机关事业单位或其他非营利组织,我是北京大学的,1,40
我属于机关事业单位或其他非营利组织,我是红十字协会的,1,40
我属于机关事业单位或其他非营利组织,我是北医三院的,1,40
我属于机关事业单位或其他非营利组织,我是国家图书馆的工作人员,1,40
我属于机关事业单位或其他非营利组织,我是市物价局的,1,40
我属于机关事业单位或其他非营利组织,我属于国家行政学院,1,40
我属于机关事业单位或其他非营利组织,我是中华人民共和国国家航天局的,1,40
我属于机关事业单位或其他非营利组织,我是代表中国银行业监督管理委员会来的,1,40
我属于机关事业单位或其他非营利组织,我是中国消费者协会的,1,40
我属于机关事业单位或其他非营利组织,我属于国务院发展研究中心,1,40
我属于机关事业单位或其他非营利组织,我属于中华人民共和国国家版权局,1,40
我属于机关事业单位或其他非营利组织,我是代表中国残疾人联合会来的,1,40
我属于机关事业单位或其他非营利组织,我是国家煤矿安全监察局的,1,40
我属于机关事业单位或其他非营利组织,我属于中华人民共和国农业部,1,40
我属于机关事业单位或其他非营利组织,我是商业局的,1,40
我属于机关事业单位或其他非营利组织,我属于技术监督局,1,40
我属于机关事业单位或其他非营利组织,我是中人民共和国国家发展和改革委员会的,1,40
我属于机关事业单位或其他非营利组织,我属于中国文学艺术界联合会,1,40
我属于机关事业单位或其他非营利组织,我属于市邮政局,1,40
我属于机关事业单位或其他非营利组织,我是中华人民共和国教育部的,1,40
我属于机关事业单位或其他非营利组织,我是市新闻出版局的,1,40
我属于机关事业单位或其他非营利组织,我是市商务局的,1,40
我属于机关事业单位或其他非营利组织,我是市国土资源局的,1,40
我属于机关事业单位或其他非营利组织,我是代表物价局来的,1,40
我属于机关事业单位或其他非营利组织,我属于市档案局,1,40
我属于机关事业单位或其他非营利组织,我属于中华人民共和国建设部,1,40
我属于机关事业单位或其他非营利组织,我属于中华人民共和国铁道部,1,40
我属于机关事业单位或其他非营利组织,我属于民营企业管理局,1,40
我属于机关事业单位或其他非营利组织,我是市财政局的,1,40
我属于机关事业单位或其他非营利组织,我属于中国人民政协全国委员会,1,40
我属于机关事业单位或其他非营利组织,我是水务局的,1,40
我属于机关事业单位或其他非营利组织,我属于市供电局,1,40
我属于机关事业单位或其他非营利组织,我是中国机械工业联合会机经网的,1,40
我属于机关事业单位或其他非营利组织,我是代表中国工程院来的,1,40
我属于机关事业单位或其他非营利组织,我属于中华人民共和国财政部,1,40
我属于机关事业单位或其他非营利组织,我是国家粮食局的,1,40
我属于机关事业单位或其他非营利组织,我是中华人民共和国信息产业部的,1,40
我属于机关事业单位或其他非营利组织,我是公安局的,1,40
我属于机关事业单位或其他非营利组织,我是代表市审计局来的,1,40
我属于机关事业单位或其他非营利组织,我是代表中国纺织经济信息网来的,1,40
我属于机关事业单位或其他非营利组织,我是市司法局的,1,40
我属于机关事业单位或其他非营利组织,我是供销社的,1,40
我属于机关事业单位或其他非营利组织,我是市质量技术监督局的,1,40
我属于机关事业单位或其他非营利组织,我是外贸局的,1,40
我属于机关事业单位或其他非营利组织,我是代表市建设局来的,1,40
我属于机关事业单位或其他非营利组织,我是中华人民共和国国土资源部的,1,40
我属于机关事业单位或其他非营利组织,我是代表市农业局来的,1,40
我属于机关事业单位或其他非营利组织,我属于中华全国台湾同胞联谊会,1,40
我属于机关事业单位或其他非营利组织,我是物资局的,1,40
我属于机关事业单位或其他非营利组织,我属于国家工商行政管理总局,1,40
我属于机关事业单位或其他非营利组织,我是代表国务院信息化工作办公室来的,1,40
我属于机关事业单位或其他非营利组织,我属于国务院法制办公室,1,40
我属于机关事业单位或其他非营利组织,我是代表市文化局来的,1,40
需要企业法定代表人身份证复印件，或法定代表人签章的授权本单位人员的授权委托书及被授权经办的身份证复印件吗,要企业法定代表人身份证复印件，或法定代表人签章的授权本单位人员的授权委托书及被授权经办的身份证复印件吗,1,41
需要企业法定代表人身份证复印件，或法定代表人签章的授权本单位人员的授权委托书及被授权经办的身份证复印件吗,要带着企业法定代表人身份证复印件，或法定代表人签章的授权本单位人员的授权委托书及被授权经办的身份证复印件吗,1,41
需要企业法定代表人身份证复印件，或法定代表人签章的授权本单位人员的授权委托书及被授权经办的身份证复印件吗,需要带着企业法定代表人身份证复印件，或法定代表人签章的授权本单位人员的授权委托书及被授权经办的身份证复印件吗,1,41
需要企业法定代表人身份证复印件，或法定代表人签章的授权本单位人员的授权委托书及被授权经办的身份证复印件吗,需不需要带着企业法定代表人身份证复印件，或法定代表人签章的授权本单位人员的授权委托书及被授权经办的身份证复印件吗,1,41
需要企业法定代表人身份证复印件，或法定代表人签章的授权本单位人员的授权委托书及被授权经办的身份证复印件吗,需要带企业法定代表人身份证复印件吗,1,41
需要企业法定代表人身份证复印件，或法定代表人签章的授权本单位人员的授权委托书及被授权经办的身份证复印件吗,要带企业法定代表人身份证复印件吗,1,41
需要企业法定代表人身份证复印件，或法定代表人签章的授权本单位人员的授权委托书及被授权经办的身份证复印件吗,需要带法定代表人签章的授权本单位人员的授权委托书及被授权经办的身份证复印件吗,1,41
需要企业法定代表人身份证复印件，或法定代表人签章的授权本单位人员的授权委托书及被授权经办的身份证复印件吗,要带着被授权经办的身份证复印件吗,1,41
需要企业法定代表人身份证复印件，或法定代表人签章的授权本单位人员的授权委托书及被授权经办的身份证复印件吗,需要被授权经办的身份证复印件吗,1,41
需要企业法定代表人身份证复印件，或法定代表人签章的授权本单位人员的授权委托书及被授权经办的身份证复印件吗,企业法定代表人身份证复印件呢,1,41
需要报装申请资料吗,要报装申请资料吗,1,42
需要报装申请资料吗,需不需要报装申请资料,1,42
需要报装申请资料吗,我只带了报装申请资料,1,42
需要报装申请资料吗,现在我只有报装申请资料,1,42
需要报装申请资料吗,报装申请资料需要拿着吗,1,42
需要报装申请资料吗,报装申请资料一定得带着吗,1,42
需要报装申请资料吗,报装申请资料也需要带吗,1,42
需要报装申请资料吗,需要带着报装申请资料嘛,1,42
需要报装申请资料吗,要带报装申请资料吗,1,42
需要报装申请资料吗,请问报装申请资料需要带吗,1,42
需要客户用电报装申请书、客户用电设备信息登记表（动力、照明）吗,要客户用电报装申请书、客户用电设备信息登记表（动力、照明）吗,1,43
需要客户用电报装申请书、客户用电设备信息登记表（动力、照明）吗,需要带着客户用电报装申请书、客户用电设备信息登记表（动力、照明）吗,1,43
需要客户用电报装申请书、客户用电设备信息登记表（动力、照明）吗,要带着户用电报装申请书、客户用电设备信息登记表（动力、照明）吗,1,43
需要客户用电报装申请书、客户用电设备信息登记表（动力、照明）吗,要拿着客户用电报装申请书、客户用电设备信息登记表（动力、照明）吗,1,43
需要客户用电报装申请书、客户用电设备信息登记表（动力、照明）吗,要拿着客户用电报装申请书吗,1,43
需要客户用电报装申请书、客户用电设备信息登记表（动力、照明）吗,要带着客户用电设备信息登记表（动力、照明）吗,1,43
需要客户用电报装申请书、客户用电设备信息登记表（动力、照明）吗,客户用电设备信息登记表（动力、照明）需要吗,1,43
需要客户用电报装申请书、客户用电设备信息登记表（动力、照明）吗,客户用电报装申请书也要吗,1,43
需要客户用电报装申请书、客户用电设备信息登记表（动力、照明）吗,客户用电报装申请书是不是也要,1,43
需要客户用电报装申请书、客户用电设备信息登记表（动力、照明）吗,需不需要客户用电设备信息登记表（动力、照明）,1,43
需要房屋产权证明吗,要房屋产权证明吗,1,44
需要房屋产权证明吗,要房屋产权证明嘛,1,44
需要房屋产权证明吗,房屋产权证明呢,1,44
需要房屋产权证明吗,要带着房屋产权证明嘛,1,44
需要房屋产权证明吗,要带着房屋产权证明是吗？,1,44
需要房屋产权证明吗,需不需要拿房屋产权证明,1,44
需要房屋产权证明吗,需不需要带房屋产权证明,1,44
需要房屋产权证明吗,房屋产权证明是不是也要,1,44
需要房屋产权证明吗,房屋产权证明是不是也需要带着,1,44
需要房屋产权证明吗,请问需要房屋产权证明吗,1,44
我属于租赁,这房子是我租的,1,45
我属于租赁,是我租的房子,1,45
我属于租赁,我去年组的房子,1,45
我属于租赁,这是我租的,1,45
我属于租赁,我替房东来的,1,45
我属于租赁,这房子是我租的,1,45
我属于租赁,租房,1,45
我属于租赁,是我租的,1,45
我属于租赁,我不是房主，我是租客,1,45
我属于租赁,这是我在自如租的,1,45
需要租赁协议复印件及产权人同意报装证明材料吗,要租赁协议复印件及产权人同意报装证明材料吗,1,46
需要租赁协议复印件及产权人同意报装证明材料吗,我需要带着租赁协议复印件及产权人同意报装证明材料吗,1,46
需要租赁协议复印件及产权人同意报装证明材料吗,我需要带租赁协议复印件及产权人同意报装证明材料吗,1,46
需要租赁协议复印件及产权人同意报装证明材料吗,需要租赁协议复印件及产权人同意报装证明材料嘛,1,46
需要租赁协议复印件及产权人同意报装证明材料吗,请问我需要租赁协议复印件及产权人同意报装证明材料吗,1,46
需要租赁协议复印件及产权人同意报装证明材料吗,租赁协议复印件和产权人同意报装证明材料都要吗,1,46
需要租赁协议复印件及产权人同意报装证明材料吗,我需要带租赁协议复印件吗,1,46
需要租赁协议复印件及产权人同意报装证明材料吗,我需要带着产权人同意报装证明材料吗,1,46
需要租赁协议复印件及产权人同意报装证明材料吗,产权人同意报装证明材料是不是也要？,1,46
需要租赁协议复印件及产权人同意报装证明材料吗,租赁协议复印件呢？,1,46
需要合法的土地使用证明吗,要合法的土地使用证明吗,1,47
需要合法的土地使用证明吗,要合法的土地使用证明吗,1,47
需要合法的土地使用证明吗,要国有土地使用证吗,1,47
需要合法的土地使用证明吗,需要合法的土地使用证明吗,1,47
需要合法的土地使用证明吗,需要国有土地使用证吗,1,47
需要合法的土地使用证明吗,合法的土地使用证明要带着吗,1,47
需要合法的土地使用证明吗,合法的土地使用证明需不需要？,1,47
需要合法的土地使用证明吗,合法的土地使用证明要吗,1,47
需要合法的土地使用证明吗,我需要拿着合法的土地使用证明吗,1,47
需要合法的土地使用证明吗,我需带着国有土地使用证吗,1,47
需要国有土地使用证，土地租赁协议及产权人同意报装证明材料吗,要土地租赁协议及产权人同意报装证明材料吗,1,48
需要国有土地使用证，土地租赁协议及产权人同意报装证明材料吗,要带着土地租赁协议及产权人同意报装证明材料吗,1,48
需要国有土地使用证，土地租赁协议及产权人同意报装证明材料吗,需要带着国有土地使用证吗,1,48
需要国有土地使用证，土地租赁协议及产权人同意报装证明材料吗,土地租赁协议及产权人同意报装证明材料都要吗,1,48
需要国有土地使用证，土地租赁协议及产权人同意报装证明材料吗,土地租赁协议及产权人同意报装证明材料都需要的吗,1,48
需要国有土地使用证，土地租赁协议及产权人同意报装证明材料吗,要带着土地租赁协议吗,1,48
需要国有土地使用证，土地租赁协议及产权人同意报装证明材料吗,需要国有土地使用证吗,1,48
需要国有土地使用证，土地租赁协议及产权人同意报装证明材料吗,要产权人同意报装证明材料吗,1,48
需要国有土地使用证，土地租赁协议及产权人同意报装证明材料吗,需要产权人同意报装证明材料吗,1,48
需要国有土地使用证，土地租赁协议及产权人同意报装证明材料吗,土地租赁协议及产权人同意报装证明材料都得要吗,1,48
需要由所在乡、镇或乡镇以上级别政府部门根据所辖权限开据证明吗,要由所在乡、镇或乡镇以上级别政府部门根据所辖权限开据证明吗,1,49
需要由所在乡、镇或乡镇以上级别政府部门根据所辖权限开据证明吗,请问要由所在乡、镇或乡镇以上级别政府部门根据所辖权限开据证明吗,1,49
需要由所在乡、镇或乡镇以上级别政府部门根据所辖权限开据证明吗,请问需要由所在乡、镇或乡镇以上级别政府部门根据所辖权限开据证明吗,1,49
需要由所在乡、镇或乡镇以上级别政府部门根据所辖权限开据证明吗,由所在乡、镇或乡镇以上级别政府部门根据所辖权限开据证明，这个需要吗,1,49
需要由所在乡、镇或乡镇以上级别政府部门根据所辖权限开据证明吗,由所在乡、镇或乡镇以上级别政府部门根据所辖权限开据证明也需要吗,1,49
需要由所在乡、镇或乡镇以上级别政府部门根据所辖权限开据证明吗,需不需要由所在乡、镇或乡镇以上级别政府部门根据所辖权限开据证明吗,1,49
需要由所在乡、镇或乡镇以上级别政府部门根据所辖权限开据证明吗,由所在乡、镇或乡镇以上级别政府部门根据所辖权限开据证明也是需要的吗,1,49
需要由所在乡、镇或乡镇以上级别政府部门根据所辖权限开据证明吗,由所在乡、镇或乡镇以上级别政府部门根据所辖权限开据证明需要吗,1,49
需要由所在乡、镇或乡镇以上级别政府部门根据所辖权限开据证明吗,由所在乡、镇或乡镇以上级别政府部门根据所辖权限开据证明是不是也要？,1,49
需要由所在乡、镇或乡镇以上级别政府部门根据所辖权限开据证明吗,所在乡、镇或乡镇以上级别政府部门根据所辖权限开据的证明也得带着？,1,49
属于国家优惠电价,是国家优惠电价,1,50
属于国家优惠电价,当时电价有打折,1,50
属于国家优惠电价,电价打折了,1,50
属于国家优惠电价,属于优惠电价,1,50
属于国家优惠电价,电价有优惠哦,1,50
属于国家优惠电价,七折电价,1,50
属于国家优惠电价,电价打了折,1,50
属于国家优惠电价,五折电价,1,50
属于国家优惠电价,八折电价,1,50
属于国家优惠电价,当时电价有优惠,1,50
需要政府有关部门核发的资质证明和公益证明（学校、养老院、居委会等）吗,要政府有关部门核发的资质证明和公益证明（学校、养老院、居委会等）吗,1,51
需要政府有关部门核发的资质证明和公益证明（学校、养老院、居委会等）吗,我要带着政府有关部门核发的资质证明和公益证明（学校、养老院、居委会等）吗,1,51
需要政府有关部门核发的资质证明和公益证明（学校、养老院、居委会等）吗,需要带着政府有关部门核发的资质证明和公益证明（学校、养老院、居委会等）,1,51
需要政府有关部门核发的资质证明和公益证明（学校、养老院、居委会等）吗,需要拿着政府有关部门核发的资质证明和公益证明（学校、养老院、居委会等）吗,1,51
需要政府有关部门核发的资质证明和公益证明（学校、养老院、居委会等）吗,政府有关部门核发的资质证明和公益证明（学校、养老院、居委会等）也要吗,1,51
需要政府有关部门核发的资质证明和公益证明（学校、养老院、居委会等）吗,需要带政府有关部门核发的资质证明吗,1,51
需要政府有关部门核发的资质证明和公益证明（学校、养老院、居委会等）吗,需要带政府有关部门核发的资质证明和公益证明吗,1,51
需要政府有关部门核发的资质证明和公益证明（学校、养老院、居委会等）吗,需要准备政府有关部门核发的资质证明和公益证明吗,1,51
需要政府有关部门核发的资质证明和公益证明（学校、养老院、居委会等）吗,需不需要政府有关部门核发公益证明,1,51
需要政府有关部门核发的资质证明和公益证明（学校、养老院、居委会等）吗,需要带着政府有关部门核发的资质证明嘛,1,51
需要项目立项及批复吗,要项目立项及批复吗,1,52
需要项目立项及批复吗,要带项目立项及批复吗,1,52
需要项目立项及批复吗,需要带项目立项及批复吗,1,52
需要项目立项及批复吗,要带着项目立项及批复吗,1,52
需要项目立项及批复吗,需要带着项目立项及批复吗,1,52
需要项目立项及批复吗,项目立项及批复也需要吗,1,52
需要项目立项及批复吗,要准备项目立项及批复吗,1,52
需要项目立项及批复吗,项目立项及批复也要准备吗,1,52
需要项目立项及批复吗,我需要带着项目立项及批复吗,1,52
需要项目立项及批复吗,需不需要项目立项及批复吗,1,52
需要上级批准文件、立项批准文件吗,要上级批准文件、立项批准文件吗,1,53
需要上级批准文件、立项批准文件吗,要上级批准文件吗,1,53
需要上级批准文件、立项批准文件吗,需要上级批准文件吗,1,53
需要上级批准文件、立项批准文件吗,要带上级批准文件吗,1,53
需要上级批准文件、立项批准文件吗,要带着上级批准文件吗,1,53
需要上级批准文件、立项批准文件吗,要带着立项批准文件吗,1,53
需要上级批准文件、立项批准文件吗,需不需要立项批准文件吗,1,53
需要上级批准文件、立项批准文件吗,需不需要带着立项批准文件吗,1,53
需要上级批准文件、立项批准文件吗,上级批准文件和立项批准文件都需要吗,1,53
需要上级批准文件、立项批准文件吗,上级批准文件和立项批准文件呢,1,53
需要规划立项,要规划立项,1,54
需要建设工程规划许可证及附件吗,要建设工程规划许可证及附件吗,1,55
需要建设工程规划许可证及附件吗,我需要带建设工程规划许可证及附件吗,1,55
需要建设工程规划许可证及附件吗,需不需要建设工程规划许可证及附件,1,55
需要建设工程规划许可证及附件吗,建设工程规划许可证及附件也要带着吗,1,55
需要建设工程规划许可证及附件吗,要建设工程规划许可证吗,1,55
需要建设工程规划许可证及附件吗,需要建设工程规划许可证吗,1,55
需要建设工程规划许可证及附件吗,要建设工程规划许可证附件吗,1,55
需要建设工程规划许可证及附件吗,需要要建设工程规划许可证附件吗,1,55
需要建设工程规划许可证及附件吗,建设工程规划许可证附件也要吗,1,55
需要建设工程规划许可证及附件吗,建设工程规划许可证附件也要带着吗,1,55
属于钢铁、电解铝、铁合金、水泥、电石、烧碱、黄磷、锌冶炼高耗能等特殊行业客户,我属于钢铁、电解铝、铁合金、水泥、电石、烧碱、黄磷、锌冶炼高耗能等特殊行业客户,1,56
属于钢铁、电解铝、铁合金、水泥、电石、烧碱、黄磷、锌冶炼高耗能等特殊行业客户,我是做钢铁的,1,56
属于钢铁、电解铝、铁合金、水泥、电石、烧碱、黄磷、锌冶炼高耗能等特殊行业客户,我是做电解铝的,1,56
属于钢铁、电解铝、铁合金、水泥、电石、烧碱、黄磷、锌冶炼高耗能等特殊行业客户,我是做铁合金的,1,56
属于钢铁、电解铝、铁合金、水泥、电石、烧碱、黄磷、锌冶炼高耗能等特殊行业客户,我是水泥行业的,1,56
属于钢铁、电解铝、铁合金、水泥、电石、烧碱、黄磷、锌冶炼高耗能等特殊行业客户,我是电石行业的,1,56
属于钢铁、电解铝、铁合金、水泥、电石、烧碱、黄磷、锌冶炼高耗能等特殊行业客户,我是做烧碱的,1,56
属于钢铁、电解铝、铁合金、水泥、电石、烧碱、黄磷、锌冶炼高耗能等特殊行业客户,我是做黄磷的,1,56
属于钢铁、电解铝、铁合金、水泥、电石、烧碱、黄磷、锌冶炼高耗能等特殊行业客户,我是锌冶炼行业的,1,56
属于钢铁、电解铝、铁合金、水泥、电石、烧碱、黄磷、锌冶炼高耗能等特殊行业客户,我属于高耗能行业客户,1,56
需要相关政府部门批准的许可文件包括政府主管部门立项或批复文件，环境评估报告、生产许可证等吗,要相关政府部门批准的许可文件包括政府主管部门立项或批复文件，环境评估报告、生产许可证等吗,1,57
需要相关政府部门批准的许可文件包括政府主管部门立项或批复文件，环境评估报告、生产许可证等吗,我需要带相关政府部门批准的许可文件包括政府主管部门立项或批复文件，环境评估报告、生产许可证等吗,1,57
需要相关政府部门批准的许可文件包括政府主管部门立项或批复文件，环境评估报告、生产许可证等吗,我要带相关政府部门批准的许可文件包括政府主管部门立项或批复文件，环境评估报告、生产许可证等嘛,1,57
需要相关政府部门批准的许可文件包括政府主管部门立项或批复文件，环境评估报告、生产许可证等吗,我需不需要带着相关政府部门批准的许可文件包括政府主管部门立项或批复文件，环境评估报告、生产许可证等？,1,57
需要相关政府部门批准的许可文件包括政府主管部门立项或批复文件，环境评估报告、生产许可证等吗,需不需要带着环境评估报告？,1,57
需要相关政府部门批准的许可文件包括政府主管部门立项或批复文件，环境评估报告、生产许可证等吗,相关政府部门批准的许可文件包括政府主管部门立项或批复文件，环境评估报告、生产许可证等都需要吗,1,57
需要相关政府部门批准的许可文件包括政府主管部门立项或批复文件，环境评估报告、生产许可证等吗,生产许可证需要嘛？,1,57
需要相关政府部门批准的许可文件包括政府主管部门立项或批复文件，环境评估报告、生产许可证等吗,相关政府部门批准的许可文件包括政府主管部门立项或批复文件，环境评估报告、生产许可证等也要吗,1,57
需要相关政府部门批准的许可文件包括政府主管部门立项或批复文件，环境评估报告、生产许可证等吗,请问需要带相关政府部门批准的许可文件包括政府主管部门立项或批复文件，环境评估报告、生产许可证等嘛,1,57
需要相关政府部门批准的许可文件包括政府主管部门立项或批复文件，环境评估报告、生产许可证等吗,相关政府部门批准的许可文件需要吗,1,57
方案答复这一步怎么做,方案答复具体指什么,1,58
方案答复这一步怎么做,方案答复这一步我需要做什么？,1,58
方案答复这一步怎么做,方案答复不太清楚怎么做,1,58
方案答复这一步怎么做,方案答复是？,1,58
方案答复这一步怎么做,方案答复不明白,1,58
方案答复这一步怎么做,方案答复是哪一步？,1,58
方案答复这一步怎么做,什么是方案答复,1,58
方案答复这一步怎么做,啥是方案答复具体指什么,1,58
方案答复这一步怎么做,方案答复的话，需要我怎么做呢,1,58
方案答复这一步怎么做,方案答复是指？,1,58
装表接电这一步怎么做,装表接电具体指什么,1,59
装表接电这一步怎么做,装表接电是？,1,59
装表接电这一步怎么做,装表接电是怎么回事,1,59
装表接电这一步怎么做,装表接电需要我做什么嘛,1,59
装表接电这一步怎么做,装表接电不太懂,1,59
装表接电这一步怎么做,装表接电是啥,1,59
装表接电这一步怎么做,装表接电，不是很明白,1,59
装表接电这一步怎么做,不知道装表接电是啥,1,59
装表接电这一步怎么做,不清楚装表接电是指啥,1,59
装表接电这一步怎么做,装表接电是指？？,1,59
