id,class_name,std_q,user_q,class_id
0,UNK,需要带电脑吗,我需要带电脑吗,0
0,UNK,请问你是谁,你是谁？,0
0,UNK,我不明白,我没听懂,0
0,UNK,今天天气不错,今天天气真好,0
0,UNK,我需要带手机吗,我要带着手机吗,0
0,UNK,请问你是大学生吗,你是大学生吗,0
0,UNK,我真的不是客服,我不是客服,0
0,UNK,额 是什么意思呢,什么意思,0
0,UNK,你好,您好,0
0,UNK,不好意思没听清,可以再说一遍吗,0
1,用户,我是用户,我就是用户,1
2,低压,低压电,999v电,2
2,低压,低压电,10v电,2
2,低压,低压电,36v电,2
2,低压,低压电,居民用电,2
2,低压,低压电,低压,2
2,低压,低压电,低压的电,2
2,低压,低压电,200伏的电,2
2,低压,低压电,220伏,2
2,低压,低压电,220v,2
2,低压,低压电,家庭用电,2
3,居民,居民用户,我是小区居民,3
3,居民,居民用户,我是小区用户,3
3,居民,居民用户,给自己家里用,3
3,居民,居民用户,给家里用,3
3,居民,居民用户,我是要给自己家里用,3
3,居民,居民用户,小区用户,3
3,居民,居民用户,我是居民啊,3
3,居民,居民用户,我是明光村小区的用户,3
3,居民,居民用户,我是东王庄小区用户,3
3,居民,居民用户,我是西王庄小区的用户,3
4,流程,办电流程是怎样的？,您好，我想问一下怎么办电呢,4
4,流程,办电流程是怎样的？,如何办电？,4
4,流程,办电流程是怎样的？,怎么办电？,4
4,流程,办电流程是怎样的？,您好，我想办电？,4
4,流程,办电流程是怎样的？,你好我要办电,4
4,流程,办电流程是怎样的？,您好请问如何办电,4
4,流程,办电流程是怎样的？,怎么办电呢,4
4,流程,办电流程是怎样的？,我想办电,4
4,流程,办电流程是怎样的？,办电应该怎么做？,4
4,流程,办电流程是怎样的？,办电的流程？,4
5,申请受理,申请受理这一步要怎么做,申请受理这一步包括什么,5
5,申请受理,申请受理这一步要怎么做,申请受理，我要怎么做,5
5,申请受理,申请受理这一步要怎么做,申请受理这一步我要做什么,5
5,申请受理,申请受理这一步要怎么做,申请受理是指,5
5,申请受理,申请受理这一步要怎么做,申请受理是？,5
5,申请受理,申请受理这一步要怎么做,申请受理怎么弄啊,5
5,申请受理,申请受理这一步要怎么做,申请受理不太懂,5
5,申请受理,申请受理这一步要怎么做,申请受理怎么办,5
5,申请受理,申请受理这一步要怎么做,申请受理我需要做什么,5
5,申请受理,申请受理这一步要怎么做,申请受理？？？,5
6,材料,需要带什么材料？,需要带什么吗,6
6,材料,需要带什么材料？,带什么,6
6,材料,需要带什么材料？,需要什么材料？,6
6,材料,需要带什么材料？,要带什么东西吗,6
6,材料,需要带什么材料？,需要准备什么吗,6
6,材料,需要带什么材料？,需要带点啥,6
6,材料,需要带什么材料？,办电要带什么？,6
6,材料,需要带什么材料？,办电的话，需要带什么呢,6
6,材料,需要带什么材料？,办电要带什么？,6
6,材料,需要带什么材料？,要带点什么嘛,6
7,客户有效身份证明,需要带客户有效身份证明吗,我需要带客户有效身份证明吗,7
7,客户有效身份证明,需要带客户有效身份证明吗,要带客户有效身份证明吗,7
7,客户有效身份证明,需要带客户有效身份证明吗,我需要拿着客户有效身份证明吗,7
7,客户有效身份证明,需要带客户有效身份证明吗,客户有效身份证明也要带着吗,7
7,客户有效身份证明,需要带客户有效身份证明吗,客户有效身份证明是指,7
7,客户有效身份证明,需要带客户有效身份证明吗,客户有效身份证明是？,7
7,客户有效身份证明,需要带客户有效身份证明吗,客户有效身份证明包括什么,7
7,客户有效身份证明,需要带客户有效身份证明吗,需不需要带客户有效身份证明,7
7,客户有效身份证明,需要带客户有效身份证明吗,客户有效身份证明也得带着吗,7
7,客户有效身份证明,需要带客户有效身份证明吗,带客户有效身份证明就可以了么,7
8,身份证,需要带身份证吗,我需要带身份证吗,8
8,身份证,需要带身份证吗,要带身份证吗,8
8,身份证,需要带身份证吗,身份证需要吗,8
8,身份证,需要带身份证吗,我就只带了身份证,8
8,身份证,需要带身份证吗,身份证？,8
8,身份证,需要带身份证吗,带了身份证,8
8,身份证,需要带身份证吗,没带身份证,8
8,身份证,需要带身份证吗,需不需要拿着身份证？,8
8,身份证,需要带身份证吗,要拿身份证吗,8
8,身份证,需要带身份证吗,只有身份证，行吗？,8
9,护照,需要带护照吗,我需要带护照吗,9
9,护照,需要带护照吗,护照需要吗,9
9,护照,需要带护照吗,护照要带吗,9
9,护照,需要带护照吗,护照呢？,9
9,护照,需要带护照吗,要拿着护照嘛,9
9,护照,需要带护照吗,需不需要带护照,9
9,护照,需要带护照吗,护照也要嘛,9
9,护照,需要带护照吗,带了护照。。,9
9,护照,需要带护照吗,护照要不要拿？,9
9,护照,需要带护照吗,护照要带着嘛？,9
10,户口簿,需要带户口簿吗,我需要带户口簿吗,10
10,户口簿,需要带户口簿吗,我需要拿户口簿吗,10
10,户口簿,需要带户口簿吗,我需要带着户口簿咩,10
10,户口簿,需要带户口簿吗,户口簿需要嘛,10
10,户口簿,需要带户口簿吗,户口簿呢,10
10,户口簿,需要带户口簿吗,户口簿呢，要不要拿着,10
10,户口簿,需要带户口簿吗,要带户口簿吗？,10
10,户口簿,需要带户口簿吗,我只带了户口簿，可以嘛,10
10,户口簿,需要带户口簿吗,请问我需要带户口簿吗,10
10,户口簿,需要带户口簿吗,户口簿也要啊。。,10
11,委托人,我是委托人,我替我朋友来办,11
11,委托人,我是委托人,我替我家里来办,11
11,委托人,我是委托人,我替我母亲来办,11
11,委托人,我是委托人,我替我父亲来办,11
11,委托人,我是委托人,我替我学校来办,11
11,委托人,我是委托人,我替我公司来办,11
11,委托人,我是委托人,我替我上司来办,11
11,委托人,我是委托人,我朋友让我帮忙办,11
11,委托人,我是委托人,我们公司委托我来办电,11
11,委托人,我是委托人,我不是给自己办,11
12,委托人的身份证明,需要带委托人的身份证明吗,要带委托人的身份证明吗,12
12,委托人的身份证明,需要带委托人的身份证明吗,委托人的身份证明需要吗,12
12,委托人的身份证明,需要带委托人的身份证明吗,委托人的身份证明呢,12
12,委托人的身份证明,需要带委托人的身份证明吗,委托人的身份证明呢？要带吗？,12
12,委托人的身份证明,需要带委托人的身份证明吗,我需要带着委托人的身份证明吗,12
12,委托人的身份证明,需要带委托人的身份证明吗,委托人的身份证明要不要带,12
12,委托人的身份证明,需要带委托人的身份证明吗,委托人的身份证明要带吗？？,12
12,委托人的身份证明,需要带委托人的身份证明吗,委托人的身份证明也是要的吧？,12
12,委托人的身份证明,需要带委托人的身份证明吗,委托人的身份证明也是需要的吧？,12
12,委托人的身份证明,需要带委托人的身份证明吗,需不需要带着委托人的身份证明？,12
13,委托授权书,需要带委托授权书吗,要带委托授权书吗,13
13,委托授权书,需要带委托授权书吗,委托授权书也要吗,13
13,委托授权书,需要带委托授权书吗,委托授权书也要带着吗,13
13,委托授权书,需要带委托授权书吗,需不需要带委托授权书？,13
13,委托授权书,需要带委托授权书吗,委托授权书呢？,13
13,委托授权书,需要带委托授权书吗,委托授权书可以不带吗,13
13,委托授权书,需要带委托授权书吗,我需要拿着委托授权书吗,13
13,委托授权书,需要带委托授权书吗,需要准备委托授权书嘛？,13
13,委托授权书,需要带委托授权书吗,委托授权书是不是也要带着？,13
13,委托授权书,需要带委托授权书吗,我现在只有委托授权书,13
14,房产证或租赁协议复印件（出具产权人房产证复印件及同意报装证明）,需要带房产证或租赁协议复印件（出具产权人房产证复印件及同意报装证明）吗,需要带房产证吗,14
14,房产证或租赁协议复印件（出具产权人房产证复印件及同意报装证明）,需要带房产证或租赁协议复印件（出具产权人房产证复印件及同意报装证明）吗,需要带租赁协议复印件吗,14
14,房产证或租赁协议复印件（出具产权人房产证复印件及同意报装证明）,需要带房产证或租赁协议复印件（出具产权人房产证复印件及同意报装证明）吗,我需要带着房产证或租赁协议复印件（出具产权人房产证复印件及同意报装证明）吗,14
14,房产证或租赁协议复印件（出具产权人房产证复印件及同意报装证明）,需要带房产证或租赁协议复印件（出具产权人房产证复印件及同意报装证明）吗,我需要带着房产证吗,14
14,房产证或租赁协议复印件（出具产权人房产证复印件及同意报装证明）,需要带房产证或租赁协议复印件（出具产权人房产证复印件及同意报装证明）吗,我需要带着租赁协议复印件吗,14
14,房产证或租赁协议复印件（出具产权人房产证复印件及同意报装证明）,需要带房产证或租赁协议复印件（出具产权人房产证复印件及同意报装证明）吗,我需要带着产权人房产证复印件及同意报装证明吗,14
14,房产证或租赁协议复印件（出具产权人房产证复印件及同意报装证明）,需要带房产证或租赁协议复印件（出具产权人房产证复印件及同意报装证明）吗,产权人房产证复印件及同意报装证明都需要吗,14
14,房产证或租赁协议复印件（出具产权人房产证复印件及同意报装证明）,需要带房产证或租赁协议复印件（出具产权人房产证复印件及同意报装证明）吗,需要产权人房产证复印件吗,14
14,房产证或租赁协议复印件（出具产权人房产证复印件及同意报装证明）,需要带房产证或租赁协议复印件（出具产权人房产证复印件及同意报装证明）吗,要带着同意报装证明吗,14
14,房产证或租赁协议复印件（出具产权人房产证复印件及同意报装证明）,需要带房产证或租赁协议复印件（出具产权人房产证复印件及同意报装证明）吗,要准备房产证或租赁协议复印件（出具产权人房产证复印件及同意报装证明）吗,14
15,私人宅基地建筑,我这属于私人宅基地建筑,我这算是私人宅基地建筑,15
15,私人宅基地建筑,我这属于私人宅基地建筑,我家属于宅基地,15
15,私人宅基地建筑,我这属于私人宅基地建筑,这房子属于私人宅基地建筑,15
15,私人宅基地建筑,我这属于私人宅基地建筑,这房子是私人宅基地建筑,15
15,私人宅基地建筑,我这属于私人宅基地建筑,这房子是宅基地,15
15,私人宅基地建筑,我这属于私人宅基地建筑,是私人宅基地建筑,15
15,私人宅基地建筑,我这属于私人宅基地建筑,是宅基地建筑,15
15,私人宅基地建筑,我这属于私人宅基地建筑,属于私人宅基地建筑,15
15,私人宅基地建筑,我这属于私人宅基地建筑,算是私人宅基地建筑,15
15,私人宅基地建筑,我这属于私人宅基地建筑,我们这属于私人宅基地建筑,15
16,政府或规划部门的批复文件,需要带政府或规划部门的批复文件吗,需要带政府的批复文件吗,16
16,政府或规划部门的批复文件,需要带政府或规划部门的批复文件吗,需要带规划部门的批复文件吗,16
16,政府或规划部门的批复文件,需要带政府或规划部门的批复文件吗,要带政府批复文件吗,16
16,政府或规划部门的批复文件,需要带政府或规划部门的批复文件吗,政府的批复文件需要带着么,16
16,政府或规划部门的批复文件,需要带政府或规划部门的批复文件吗,需要拿着规划部门的批复文件吗,16
16,政府或规划部门的批复文件,需要带政府或规划部门的批复文件吗,需要规划部门的批复文件吗,16
16,政府或规划部门的批复文件,需要带政府或规划部门的批复文件吗,我要不要带着规划部门的批复文件,16
16,政府或规划部门的批复文件,需要带政府或规划部门的批复文件吗,政府的批复文件也要带吗,16
16,政府或规划部门的批复文件,需要带政府或规划部门的批复文件吗,规划部门的批复文件也要带吗,16
16,政府或规划部门的批复文件,需要带政府或规划部门的批复文件吗,政府或规划部门的批复文件是不是也得拿着？,16
18,非居民,非居民用户,我是非居民,17
18,非居民,非居民用户,我不是居民,17
23,企业法定代表人身份证复印件，或法定代表人签章的授权本单位人员的授权委托书及被授权经办人的身份证复印件,需要带企业法定代表人身份证复印件，或法定代表人签章的授权本单位人员的授权委托书及被授权经办人的身份证复印件吗,要带企业法定代表人身份证复印件，或法定代表人签章的授权本单位人员的授权委托书及被授权经办人的身份证复印件吗,18
23,企业法定代表人身份证复印件，或法定代表人签章的授权本单位人员的授权委托书及被授权经办人的身份证复印件,需要带企业法定代表人身份证复印件，或法定代表人签章的授权本单位人员的授权委托书及被授权经办人的身份证复印件吗,我需要带企业法定代表人身份证复印件，或法定代表人签章的授权本单位人员的授权委托书及被授权经办人的身份证复印件吗,18
23,企业法定代表人身份证复印件，或法定代表人签章的授权本单位人员的授权委托书及被授权经办人的身份证复印件,需要带企业法定代表人身份证复印件，或法定代表人签章的授权本单位人员的授权委托书及被授权经办人的身份证复印件吗,我需要带企业法定代表人身份证复印件吗,18
23,企业法定代表人身份证复印件，或法定代表人签章的授权本单位人员的授权委托书及被授权经办人的身份证复印件,需要带企业法定代表人身份证复印件，或法定代表人签章的授权本单位人员的授权委托书及被授权经办人的身份证复印件吗,我需要带法定代表人签章的授权本单位人员的授权委托书吗,18
23,企业法定代表人身份证复印件，或法定代表人签章的授权本单位人员的授权委托书及被授权经办人的身份证复印件,需要带企业法定代表人身份证复印件，或法定代表人签章的授权本单位人员的授权委托书及被授权经办人的身份证复印件吗,我需要带被授权经办人的身份证复印件吗,18
23,企业法定代表人身份证复印件，或法定代表人签章的授权本单位人员的授权委托书及被授权经办人的身份证复印件,需要带企业法定代表人身份证复印件，或法定代表人签章的授权本单位人员的授权委托书及被授权经办人的身份证复印件吗,要带企业法定代表人身份证复印件吗,18
23,企业法定代表人身份证复印件，或法定代表人签章的授权本单位人员的授权委托书及被授权经办人的身份证复印件,需要带企业法定代表人身份证复印件，或法定代表人签章的授权本单位人员的授权委托书及被授权经办人的身份证复印件吗,要带法定代表人签章的授权本单位人员的授权委托书吗,18
23,企业法定代表人身份证复印件，或法定代表人签章的授权本单位人员的授权委托书及被授权经办人的身份证复印件,需要带企业法定代表人身份证复印件，或法定代表人签章的授权本单位人员的授权委托书及被授权经办人的身份证复印件吗,要带被授权经办人的身份证复印件吗,18
23,企业法定代表人身份证复印件，或法定代表人签章的授权本单位人员的授权委托书及被授权经办人的身份证复印件,需要带企业法定代表人身份证复印件，或法定代表人签章的授权本单位人员的授权委托书及被授权经办人的身份证复印件吗,需要拿被授权经办人的身份证复印件吗,18
23,企业法定代表人身份证复印件，或法定代表人签章的授权本单位人员的授权委托书及被授权经办人的身份证复印件,需要带企业法定代表人身份证复印件，或法定代表人签章的授权本单位人员的授权委托书及被授权经办人的身份证复印件吗,需不需要带企业法定代表人身份证复印件？,18
24,有效营业执照复印件,需要带有效营业执照复印件吗,要带有效营业执照复印件吗,19
24,有效营业执照复印件,需要带有效营业执照复印件吗,我需要要带有效营业执照复印件吗,19
24,有效营业执照复印件,需要带有效营业执照复印件吗,要带着有效营业执照复印件吗,19
24,有效营业执照复印件,需要带有效营业执照复印件吗,需不需要带有效营业执照复印件？,19
24,有效营业执照复印件,需要带有效营业执照复印件吗,有效营业执照复印件也得带着吗,19
24,有效营业执照复印件,需要带有效营业执照复印件吗,有效营业执照复印件需要吗,19
24,有效营业执照复印件,需要带有效营业执照复印件吗,有效营业执照复印件是不是也得拿着,19
24,有效营业执照复印件,需要带有效营业执照复印件吗,有效营业执照复印件也是需要的吧？,19
24,有效营业执照复印件,需要带有效营业执照复印件吗,有效营业执照复印件要不要带？,19
24,有效营业执照复印件,需要带有效营业执照复印件吗,请问要带有效营业执照复印件吗,19
25,企业或工商客户,我属于企业或工商客户,我是代表公司来的,20
25,企业或工商客户,我属于企业或工商客户,我是代表我们银行来的,20
25,企业或工商客户,我属于企业或工商客户,我属于企业客户,20
25,企业或工商客户,我属于企业或工商客户,我属于工商客户,20
25,企业或工商客户,我属于企业或工商客户,我是百度的,20
25,企业或工商客户,我属于企业或工商客户,我是阿里的,20
25,企业或工商客户,我属于企业或工商客户,我是石油公司的,20
25,企业或工商客户,我属于企业或工商客户,我是腾讯的,20
25,企业或工商客户,我属于企业或工商客户,我是中国银行的,20
25,企业或工商客户,我属于企业或工商客户,我是美团的,20
26,营业执照复印件,需要带营业执照复印件吗,要带营业执照复印件吗,21
26,营业执照复印件,需要带营业执照复印件吗,我需要要带有业执照复印件吗,21
26,营业执照复印件,需要带营业执照复印件吗,要带营业执照复印件嘛,21
26,营业执照复印件,需要带营业执照复印件吗,需要带着营业执照复印件吗,21
26,营业执照复印件,需要带营业执照复印件吗,请问要带营业执照复印件吗,21
26,营业执照复印件,需要带营业执照复印件吗,营业执照复印件也得带着吗,21
26,营业执照复印件,需要带营业执照复印件吗,营业执照复印件需要吗,21
26,营业执照复印件,需要带营业执照复印件吗,营业执照复印件需不需要,21
26,营业执照复印件,需要带营业执照复印件吗,营业执照复印件也要吗,21
26,营业执照复印件,需要带营业执照复印件吗,营业执照复印件？？,21
27,机关事业单位,我属于机关事业单位,我是机关事业单位的,22
27,机关事业单位,我属于机关事业单位,我是代表学校来的,22
27,机关事业单位,我属于机关事业单位,我是公务员，来办电,22
27,机关事业单位,我属于机关事业单位,我是国企的,22
27,机关事业单位,我属于机关事业单位,我是北邮的,22
27,机关事业单位,我属于机关事业单位,我是北京邮电大学的,22
27,机关事业单位,我属于机关事业单位,我是清华大学的,22
27,机关事业单位,我属于机关事业单位,我是清华的,22
27,机关事业单位,我属于机关事业单位,我是政府的,22
27,机关事业单位,我属于机关事业单位,我是医院的,22
28,事业法人证书或组织机构代码证复印件,需要事业法人证书或组织机构代码证复印件吗,要事业法人证书或组织机构代码证复印件吗,23
28,事业法人证书或组织机构代码证复印件,需要事业法人证书或组织机构代码证复印件吗,要带事业法人证书或组织机构代码证复印件吗,23
28,事业法人证书或组织机构代码证复印件,需要事业法人证书或组织机构代码证复印件吗,要带着事业法人证书或组织机构代码证复印件吗,23
28,事业法人证书或组织机构代码证复印件,需要事业法人证书或组织机构代码证复印件吗,需要带着事业法人证书或组织机构代码证复印件吗,23
28,事业法人证书或组织机构代码证复印件,需要事业法人证书或组织机构代码证复印件吗,需不需要要事业法人证书或组织机构代码证复印件吗,23
28,事业法人证书或组织机构代码证复印件,需要事业法人证书或组织机构代码证复印件吗,事业法人证书或组织机构代码证复印件也要吗,23
28,事业法人证书或组织机构代码证复印件,需要事业法人证书或组织机构代码证复印件吗,要带着事业法人证书吗,23
28,事业法人证书或组织机构代码证复印件,需要事业法人证书或组织机构代码证复印件吗,需要带着组织机构代码证复印件吗,23
28,事业法人证书或组织机构代码证复印件,需要事业法人证书或组织机构代码证复印件吗,事业法人证书需要拿着吗,23
28,事业法人证书或组织机构代码证复印件,需要事业法人证书或组织机构代码证复印件吗,组织机构代码证复印件也要吗,23
29,军队,我属于军队,我是军队的,24
29,军队,我属于军队,我是军队的,24
29,军队,我属于军队,我是中国人民解放军的,24
29,军队,我属于军队,我是中国人民武装警察部队的,24
29,军队,我属于军队,我是中华人民共和国警察,24
29,军队,我属于军队,我是广州军区的,24
29,军队,我属于军队,我是第二炮兵的,24
29,军队,我属于军队,我是武警内卫部队的,24
29,军队,我属于军队,我属于中国人民解放军的,24
29,军队,我属于军队,我代表我们军区来的,24
30,团级及以上证明,需要团级及以上证明吗,要团级及以上证明吗,25
30,团级及以上证明,需要团级及以上证明吗,是不是需要团级及以上证明,25
30,团级及以上证明,需要团级及以上证明吗,需不需要团级及以上证明,25
30,团级及以上证明,需要团级及以上证明吗,团级及以上证明就可以了吗,25
30,团级及以上证明,需要团级及以上证明吗,我只有团级及以上证明,25
30,团级及以上证明,需要团级及以上证明吗,我只带了团级及以上证明,25
30,团级及以上证明,需要团级及以上证明吗,团级及以上提供证明,25
30,团级及以上证明,需要团级及以上证明吗,团级及以上证明需要嘛？,25
30,团级及以上证明,需要团级及以上证明吗,请问要团级及以上证明吗,25
30,团级及以上证明,需要团级及以上证明吗,团级及以上证明也要吗,25
31,房产证复印件或租赁协议复印件（出具房产证复印件及同意报装证明）,需要带房产证复印件或租赁协议复印件（出具房产证复印件及同意报装证明）吗,要房产证复印件或租赁协议复印件（出具房产证复印件及同意报装证明）吗,26
31,房产证复印件或租赁协议复印件（出具房产证复印件及同意报装证明）,需要带房产证复印件或租赁协议复印件（出具房产证复印件及同意报装证明）吗,我需要带房产证复印件或租赁协议复印件（出具房产证复印件及同意报装证明）吗,26
31,房产证复印件或租赁协议复印件（出具房产证复印件及同意报装证明）,需要带房产证复印件或租赁协议复印件（出具房产证复印件及同意报装证明）吗,我需要带着房产证复印件或租赁协议复印件（出具房产证复印件及同意报装证明）吗,26
31,房产证复印件或租赁协议复印件（出具房产证复印件及同意报装证明）,需要带房产证复印件或租赁协议复印件（出具房产证复印件及同意报装证明）吗,房产证复印件或租赁协议复印件（出具房产证复印件及同意报装证明）也要吗,26
31,房产证复印件或租赁协议复印件（出具房产证复印件及同意报装证明）,需要带房产证复印件或租赁协议复印件（出具房产证复印件及同意报装证明）吗,要准备房产证复印件或租赁协议复印件（出具房产证复印件及同意报装证明）吗,26
31,房产证复印件或租赁协议复印件（出具房产证复印件及同意报装证明）,需要带房产证复印件或租赁协议复印件（出具房产证复印件及同意报装证明）吗,要带房产证复印件吗,26
31,房产证复印件或租赁协议复印件（出具房产证复印件及同意报装证明）,需要带房产证复印件或租赁协议复印件（出具房产证复印件及同意报装证明）吗,要带租赁协议复印件吗,26
31,房产证复印件或租赁协议复印件（出具房产证复印件及同意报装证明）,需要带房产证复印件或租赁协议复印件（出具房产证复印件及同意报装证明）吗,要带同意报装证明吗,26
31,房产证复印件或租赁协议复印件（出具房产证复印件及同意报装证明）,需要带房产证复印件或租赁协议复印件（出具房产证复印件及同意报装证明）吗,房产证复印件需要吗,26
31,房产证复印件或租赁协议复印件（出具房产证复印件及同意报装证明）,需要带房产证复印件或租赁协议复印件（出具房产证复印件及同意报装证明）吗,租赁协议复印件也要吗,26
32,农村,我是农村的,我在我们村里办电,27
32,农村,我是农村的,我家是农村的,27
33,乡镇及以上政府或规划部门的批复文件,需要乡镇及以上政府或规划部门的批复文件吗,要乡镇及以上政府或规划部门的批复文件吗,28
33,乡镇及以上政府或规划部门的批复文件,需要乡镇及以上政府或规划部门的批复文件吗,需不需要乡镇及以上政府或规划部门的批复文件,28
33,乡镇及以上政府或规划部门的批复文件,需要乡镇及以上政府或规划部门的批复文件吗,乡镇及以上政府或规划部门的批复文件也需要带着吗,28
33,乡镇及以上政府或规划部门的批复文件,需要乡镇及以上政府或规划部门的批复文件吗,我需要带着乡镇及以上政府或规划部门的批复文件吗,28
33,乡镇及以上政府或规划部门的批复文件,需要乡镇及以上政府或规划部门的批复文件吗,我需要带乡镇及以上政府或规划部门的批复文件嘛,28
33,乡镇及以上政府或规划部门的批复文件,需要乡镇及以上政府或规划部门的批复文件吗,乡镇及以上政府或规划部门的批复文件也需要吗,28
33,乡镇及以上政府或规划部门的批复文件,需要乡镇及以上政府或规划部门的批复文件吗,乡镇及以上政府或规划部门的批复文件呢,28
33,乡镇及以上政府或规划部门的批复文件,需要乡镇及以上政府或规划部门的批复文件吗,要带着乡镇及以上政府或规划部门的批复文件嘛,28
33,乡镇及以上政府或规划部门的批复文件,需要乡镇及以上政府或规划部门的批复文件吗,乡镇及以上政府或规划部门的批复文件是不是也要？,28
33,乡镇及以上政府或规划部门的批复文件,需要乡镇及以上政府或规划部门的批复文件吗,乡镇及以上政府或规划部门的批复文件也要吗,28
34,新建建筑物,我这属于新建建筑物,我这里是新盖的,29
34,新建建筑物,我这属于新建建筑物,我这里是新建的,29
34,新建建筑物,我这属于新建建筑物,这个楼刚建好几天,29
34,新建建筑物,我这属于新建建筑物,是新建建筑物,29
34,新建建筑物,我这属于新建建筑物,新建的,29
35,立项、规划批复文件,需要立项、规划批复文件吗,要立项、规划批复文件吗,30
35,立项、规划批复文件,需要立项、规划批复文件吗,要带立项、规划批复文件吗,30
35,立项、规划批复文件,需要立项、规划批复文件吗,需要带着立项、规划批复文件吗,30
35,立项、规划批复文件,需要立项、规划批复文件吗,我需要带立项、规划批复文件吗,30
35,立项、规划批复文件,需要立项、规划批复文件吗,需不需要带立项、规划批复文件,30
35,立项、规划批复文件,需要带立项、规划批复文件吗,需要带立项文件吗,31
35,立项、规划批复文件,需要立项、规划批复文件吗,要带规划批复文件吗,32
35,立项、规划批复文件,需要立项、规划批复文件吗,规划批复文件是不是也需要带着？,32
35,立项、规划批复文件,需要立项、规划批复文件吗,规划批复文件需要吗,32
35,立项、规划批复文件,需要立项、规划批复文件吗,立项、规划批复文件呢,32
36,国家优惠价,属于国家优惠价,是国家优惠价,33
36,国家优惠价,属于国家优惠价,国家给了优惠,33
36,国家优惠价,属于国家优惠价,价格打折了,33
36,国家优惠价,属于国家优惠价,打折了,33
36,国家优惠价,属于国家优惠价,七折价,33
36,国家优惠价,属于国家优惠价,有国家优惠,33
36,国家优惠价,属于国家优惠价,是优惠价格,33
36,国家优惠价,属于国家优惠价,是打折后的价格,33
36,国家优惠价,属于国家优惠价,我这属于优惠价格,33
36,国家优惠价,属于国家优惠价,当时有优惠,33
37,政府有关部门核发的资质证明和公益证明（学校、养老院、居委会）,需要政府有关部门核发的资质证明和公益证明（学校、养老院、居委会）吗,要政府有关部门核发的资质证明和公益证明（学校、养老院、居委会）吗,34
37,政府有关部门核发的资质证明和公益证明（学校、养老院、居委会）,需要政府有关部门核发的资质证明和公益证明（学校、养老院、居委会）吗,我要带着政府有关部门核发的资质证明和公益证明（学校、养老院、居委会）吗,34
37,政府有关部门核发的资质证明和公益证明（学校、养老院、居委会）,需要政府有关部门核发的资质证明和公益证明（学校、养老院、居委会）吗,需要带着政府有关部门核发的资质证明和公益证明（学校、养老院、居委会）,34
37,政府有关部门核发的资质证明和公益证明（学校、养老院、居委会）,需要政府有关部门核发的资质证明和公益证明（学校、养老院、居委会）吗,需要拿着政府有关部门核发的资质证明和公益证明（学校、养老院、居委会）吗,34
37,政府有关部门核发的资质证明和公益证明（学校、养老院、居委会）,需要政府有关部门核发的资质证明和公益证明（学校、养老院、居委会）吗,政府有关部门核发的资质证明和公益证明（学校、养老院、居委会）也要吗,34
37,政府有关部门核发的资质证明和公益证明（学校、养老院、居委会）,需要政府有关部门核发的资质证明和公益证明（学校、养老院、居委会）吗,需要带政府有关部门核发的资质证明吗,34
37,政府有关部门核发的资质证明和公益证明（学校、养老院、居委会）,需要政府有关部门核发的资质证明和公益证明（学校、养老院、居委会）吗,需要带政府有关部门核发的资质证明和公益证明吗,34
37,政府有关部门核发的资质证明和公益证明（学校、养老院、居委会）,需要政府有关部门核发的资质证明和公益证明（学校、养老院、居委会）吗,需要准备政府有关部门核发的资质证明和公益证明吗,34
37,政府有关部门核发的资质证明和公益证明（学校、养老院、居委会）,需要政府有关部门核发的资质证明和公益证明（学校、养老院、居委会）吗,需不需要政府有关部门核发公益证明,34
37,政府有关部门核发的资质证明和公益证明（学校、养老院、居委会）,需要政府有关部门核发的资质证明和公益证明（学校、养老院、居委会）吗,需要带着政府有关部门核发的资质证明嘛,34
38,外部工程施工,外部工程施工这一步怎么做,外部工程施工具体指什么,35
38,外部工程施工,外部工程施工这一步怎么做,外部工程施工指什么,35
38,外部工程施工,外部工程施工这一步怎么做,外部工程施工指的是？,35
38,外部工程施工,外部工程施工这一步怎么做,外部工程施工不太懂呢,35
38,外部工程施工,外部工程施工这一步怎么做,外部工程施工要怎么做,35
38,外部工程施工,外部工程施工这一步怎么做,外部工程施工是怎么回事？,35
38,外部工程施工,外部工程施工这一步怎么做,什么是外部工程施工,35
38,外部工程施工,外部工程施工这一步怎么做,啥是外部工程施工,35
38,外部工程施工,外部工程施工这一步怎么做,外部工程施工什么意思？,35
38,外部工程施工,外部工程施工这一步怎么做,外部工程施工，我需要做什么？,35
40,装接电表,装接电表这一步怎么做,装接电表具体指什么,36
40,装接电表,装接电表这一步怎么做,装接电表是？,36
40,装接电表,装接电表这一步怎么做,装接电表是怎么回事,36
40,装接电表,装接电表这一步怎么做,装接电表需要我做什么嘛,36
40,装接电表,装接电表这一步怎么做,装接电表不太懂,36
40,装接电表,装接电表这一步怎么做,装接电表是啥,36
40,装接电表,装接电表这一步怎么做,装接电表，不是很明白,36
40,装接电表,装接电表这一步怎么做,不知道装接电表是啥,36
40,装接电表,装接电表这一步怎么做,不清楚装接电表是指啥,36
40,装接电表,装接电表这一步怎么做,装接电表是指？？,36
42,高压,高压电,高压,37
42,高压,高压电,2000v,37
42,高压,高压电,大于1000伏,37
42,高压,高压电,2000v,37
42,高压,高压电,3000v,37
42,高压,高压电,4000v,37
42,高压,高压电,1kv,37
42,高压,高压电,5kv,37
42,高压,高压电,6kv,37
42,高压,高压电,5000v,37
46,主体证明,需要主体证明吗,要主体证明吗,38
46,主体证明,需要主体证明吗,是不是也要主体证明,38
46,主体证明,需要主体证明吗,我只有主题证明行吗,38
46,主体证明,需要主体证明吗,我只有主题证明可以吗,38
46,主体证明,需要主体证明吗,需不需要主题证明？,38
46,主体证明,需要主体证明吗,主体证明，要带嘛,38
46,主体证明,需要主体证明吗,主体证明需要带吗,38
46,主体证明,需要主体证明吗,主体证明是不是也要？,38
46,主体证明,需要主体证明吗,带了主体证明,38
46,主体证明,需要主体证明吗,请问需要带主体证明吗,38
48,企业,我属于企业,我属于企业,39
48,企业,我属于企业,我代表公司来的,39
48,企业,我属于企业,我是公司人员,39
48,企业,我属于企业,我们公司派我来的,39
48,企业,我属于企业,我给我们公司办,39
48,企业,我属于企业,我是京东的,39
48,企业,我属于企业,我是滴滴的,39
48,企业,我属于企业,我是谷歌的,39
48,企业,我属于企业,我是修正药业的,39
48,企业,我属于企业,我是宝洁员工,39
50,机关事业单位或其他非营利组织,我属于机关事业单位或其他非营利组织,我是机关事业单位的,40
50,机关事业单位或其他非营利组织,我属于机关事业单位或其他非营利组织,我是代表机关事业单位来的,40
50,机关事业单位或其他非营利组织,我属于机关事业单位或其他非营利组织,我是北师大的,40
50,机关事业单位或其他非营利组织,我属于机关事业单位或其他非营利组织,我是北京师范大学的,40
50,机关事业单位或其他非营利组织,我属于机关事业单位或其他非营利组织,我是北京语言大学的,40
50,机关事业单位或其他非营利组织,我属于机关事业单位或其他非营利组织,我是北大的,40
50,机关事业单位或其他非营利组织,我属于机关事业单位或其他非营利组织,我是北京大学的,40
50,机关事业单位或其他非营利组织,我属于机关事业单位或其他非营利组织,我是红十字协会的,40
50,机关事业单位或其他非营利组织,我属于机关事业单位或其他非营利组织,我是北医三院的,40
50,机关事业单位或其他非营利组织,我属于机关事业单位或其他非营利组织,我是国家图书馆的工作人员,40
54,企业法定代表人身份证复印件，或法定代表人签章的授权本单位人员的授权委托书及被授权经办的身份证复印件,需要企业法定代表人身份证复印件，或法定代表人签章的授权本单位人员的授权委托书及被授权经办的身份证复印件吗,要企业法定代表人身份证复印件，或法定代表人签章的授权本单位人员的授权委托书及被授权经办的身份证复印件吗,41
54,企业法定代表人身份证复印件，或法定代表人签章的授权本单位人员的授权委托书及被授权经办的身份证复印件,需要企业法定代表人身份证复印件，或法定代表人签章的授权本单位人员的授权委托书及被授权经办的身份证复印件吗,要带着企业法定代表人身份证复印件，或法定代表人签章的授权本单位人员的授权委托书及被授权经办的身份证复印件吗,41
54,企业法定代表人身份证复印件，或法定代表人签章的授权本单位人员的授权委托书及被授权经办的身份证复印件,需要企业法定代表人身份证复印件，或法定代表人签章的授权本单位人员的授权委托书及被授权经办的身份证复印件吗,需要带着企业法定代表人身份证复印件，或法定代表人签章的授权本单位人员的授权委托书及被授权经办的身份证复印件吗,41
54,企业法定代表人身份证复印件，或法定代表人签章的授权本单位人员的授权委托书及被授权经办的身份证复印件,需要企业法定代表人身份证复印件，或法定代表人签章的授权本单位人员的授权委托书及被授权经办的身份证复印件吗,需不需要带着企业法定代表人身份证复印件，或法定代表人签章的授权本单位人员的授权委托书及被授权经办的身份证复印件吗,41
54,企业法定代表人身份证复印件，或法定代表人签章的授权本单位人员的授权委托书及被授权经办的身份证复印件,需要企业法定代表人身份证复印件，或法定代表人签章的授权本单位人员的授权委托书及被授权经办的身份证复印件吗,需要带企业法定代表人身份证复印件吗,41
54,企业法定代表人身份证复印件，或法定代表人签章的授权本单位人员的授权委托书及被授权经办的身份证复印件,需要企业法定代表人身份证复印件，或法定代表人签章的授权本单位人员的授权委托书及被授权经办的身份证复印件吗,要带企业法定代表人身份证复印件吗,41
54,企业法定代表人身份证复印件，或法定代表人签章的授权本单位人员的授权委托书及被授权经办的身份证复印件,需要企业法定代表人身份证复印件，或法定代表人签章的授权本单位人员的授权委托书及被授权经办的身份证复印件吗,需要带法定代表人签章的授权本单位人员的授权委托书及被授权经办的身份证复印件吗,41
54,企业法定代表人身份证复印件，或法定代表人签章的授权本单位人员的授权委托书及被授权经办的身份证复印件,需要企业法定代表人身份证复印件，或法定代表人签章的授权本单位人员的授权委托书及被授权经办的身份证复印件吗,要带着被授权经办的身份证复印件吗,41
54,企业法定代表人身份证复印件，或法定代表人签章的授权本单位人员的授权委托书及被授权经办的身份证复印件,需要企业法定代表人身份证复印件，或法定代表人签章的授权本单位人员的授权委托书及被授权经办的身份证复印件吗,需要被授权经办的身份证复印件吗,41
54,企业法定代表人身份证复印件，或法定代表人签章的授权本单位人员的授权委托书及被授权经办的身份证复印件,需要企业法定代表人身份证复印件，或法定代表人签章的授权本单位人员的授权委托书及被授权经办的身份证复印件吗,企业法定代表人身份证复印件呢,41
55,报装申请资料,需要报装申请资料吗,要报装申请资料吗,42
55,报装申请资料,需要报装申请资料吗,需不需要报装申请资料,42
55,报装申请资料,需要报装申请资料吗,我只带了报装申请资料,42
55,报装申请资料,需要报装申请资料吗,现在我只有报装申请资料,42
55,报装申请资料,需要报装申请资料吗,报装申请资料需要拿着吗,42
55,报装申请资料,需要报装申请资料吗,报装申请资料一定得带着吗,42
55,报装申请资料,需要报装申请资料吗,报装申请资料也需要带吗,42
55,报装申请资料,需要报装申请资料吗,需要带着报装申请资料嘛,42
55,报装申请资料,需要报装申请资料吗,要带报装申请资料吗,42
55,报装申请资料,需要报装申请资料吗,请问报装申请资料需要带吗,42
56,客户用电报装申请书、客户用电设备信息登记表（动力、照明）,需要客户用电报装申请书、客户用电设备信息登记表（动力、照明）吗,要客户用电报装申请书、客户用电设备信息登记表（动力、照明）吗,43
56,客户用电报装申请书、客户用电设备信息登记表（动力、照明）,需要客户用电报装申请书、客户用电设备信息登记表（动力、照明）吗,需要带着客户用电报装申请书、客户用电设备信息登记表（动力、照明）吗,43
56,客户用电报装申请书、客户用电设备信息登记表（动力、照明）,需要客户用电报装申请书、客户用电设备信息登记表（动力、照明）吗,要带着户用电报装申请书、客户用电设备信息登记表（动力、照明）吗,43
56,客户用电报装申请书、客户用电设备信息登记表（动力、照明）,需要客户用电报装申请书、客户用电设备信息登记表（动力、照明）吗,要拿着客户用电报装申请书、客户用电设备信息登记表（动力、照明）吗,43
56,客户用电报装申请书、客户用电设备信息登记表（动力、照明）,需要客户用电报装申请书、客户用电设备信息登记表（动力、照明）吗,要拿着客户用电报装申请书吗,43
56,客户用电报装申请书、客户用电设备信息登记表（动力、照明）,需要客户用电报装申请书、客户用电设备信息登记表（动力、照明）吗,要带着客户用电设备信息登记表（动力、照明）吗,43
56,客户用电报装申请书、客户用电设备信息登记表（动力、照明）,需要客户用电报装申请书、客户用电设备信息登记表（动力、照明）吗,客户用电设备信息登记表（动力、照明）需要吗,43
56,客户用电报装申请书、客户用电设备信息登记表（动力、照明）,需要客户用电报装申请书、客户用电设备信息登记表（动力、照明）吗,客户用电报装申请书也要吗,43
56,客户用电报装申请书、客户用电设备信息登记表（动力、照明）,需要客户用电报装申请书、客户用电设备信息登记表（动力、照明）吗,客户用电报装申请书是不是也要,43
56,客户用电报装申请书、客户用电设备信息登记表（动力、照明）,需要客户用电报装申请书、客户用电设备信息登记表（动力、照明）吗,需不需要客户用电设备信息登记表（动力、照明）,43
57,房屋产权证明,需要房屋产权证明吗,要房屋产权证明吗,44
57,房屋产权证明,需要房屋产权证明吗,要房屋产权证明嘛,44
57,房屋产权证明,需要房屋产权证明吗,房屋产权证明呢,44
57,房屋产权证明,需要房屋产权证明吗,要带着房屋产权证明嘛,44
57,房屋产权证明,需要房屋产权证明吗,要带着房屋产权证明是吗？,44
57,房屋产权证明,需要房屋产权证明吗,需不需要拿房屋产权证明,44
57,房屋产权证明,需要房屋产权证明吗,需不需要带房屋产权证明,44
57,房屋产权证明,需要房屋产权证明吗,房屋产权证明是不是也要,44
57,房屋产权证明,需要房屋产权证明吗,房屋产权证明是不是也需要带着,44
57,房屋产权证明,需要房屋产权证明吗,请问需要房屋产权证明吗,44
58,租赁,我属于租赁,这房子是我租的,45
58,租赁,我属于租赁,是我租的房子,45
58,租赁,我属于租赁,我去年组的房子,45
58,租赁,我属于租赁,这是我租的,45
58,租赁,我属于租赁,我替房东来的,45
58,租赁,我属于租赁,这房子是我租的,45
58,租赁,我属于租赁,租房,45
58,租赁,我属于租赁,是我租的,45
58,租赁,我属于租赁,我不是房主，我是租客,45
58,租赁,我属于租赁,这是我在自如租的,45
59,租赁协议复印件及产权人同意报装证明材料,需要租赁协议复印件及产权人同意报装证明材料吗,要租赁协议复印件及产权人同意报装证明材料吗,46
59,租赁协议复印件及产权人同意报装证明材料,需要租赁协议复印件及产权人同意报装证明材料吗,我需要带着租赁协议复印件及产权人同意报装证明材料吗,46
59,租赁协议复印件及产权人同意报装证明材料,需要租赁协议复印件及产权人同意报装证明材料吗,我需要带租赁协议复印件及产权人同意报装证明材料吗,46
59,租赁协议复印件及产权人同意报装证明材料,需要租赁协议复印件及产权人同意报装证明材料吗,需要租赁协议复印件及产权人同意报装证明材料嘛,46
59,租赁协议复印件及产权人同意报装证明材料,需要租赁协议复印件及产权人同意报装证明材料吗,请问我需要租赁协议复印件及产权人同意报装证明材料吗,46
59,租赁协议复印件及产权人同意报装证明材料,需要租赁协议复印件及产权人同意报装证明材料吗,租赁协议复印件和产权人同意报装证明材料都要吗,46
59,租赁协议复印件及产权人同意报装证明材料,需要租赁协议复印件及产权人同意报装证明材料吗,我需要带租赁协议复印件吗,46
59,租赁协议复印件及产权人同意报装证明材料,需要租赁协议复印件及产权人同意报装证明材料吗,我需要带着产权人同意报装证明材料吗,46
59,租赁协议复印件及产权人同意报装证明材料,需要租赁协议复印件及产权人同意报装证明材料吗,产权人同意报装证明材料是不是也要？,46
59,租赁协议复印件及产权人同意报装证明材料,需要租赁协议复印件及产权人同意报装证明材料吗,租赁协议复印件呢？,46
60,合法的土地使用证明,需要合法的土地使用证明吗,要合法的土地使用证明吗,47
60,合法的土地使用证明,需要合法的土地使用证明吗,要合法的土地使用证明吗,47
60,合法的土地使用证明,需要合法的土地使用证明吗,要国有土地使用证吗,47
60,合法的土地使用证明,需要合法的土地使用证明吗,需要合法的土地使用证明吗,47
60,合法的土地使用证明,需要合法的土地使用证明吗,需要国有土地使用证吗,47
60,合法的土地使用证明,需要合法的土地使用证明吗,合法的土地使用证明要带着吗,47
60,合法的土地使用证明,需要合法的土地使用证明吗,合法的土地使用证明需不需要？,47
60,合法的土地使用证明,需要合法的土地使用证明吗,合法的土地使用证明要吗,47
60,合法的土地使用证明,需要合法的土地使用证明吗,我需要拿着合法的土地使用证明吗,47
60,合法的土地使用证明,需要合法的土地使用证明吗,我需带着国有土地使用证吗,47
62,国有土地使用证，土地租赁协议及产权人同意报装证明材料,需要国有土地使用证，土地租赁协议及产权人同意报装证明材料吗,要土地租赁协议及产权人同意报装证明材料吗,48
62,国有土地使用证，土地租赁协议及产权人同意报装证明材料,需要国有土地使用证，土地租赁协议及产权人同意报装证明材料吗,要带着土地租赁协议及产权人同意报装证明材料吗,48
62,国有土地使用证，土地租赁协议及产权人同意报装证明材料,需要国有土地使用证，土地租赁协议及产权人同意报装证明材料吗,需要带着国有土地使用证吗,48
62,国有土地使用证，土地租赁协议及产权人同意报装证明材料,需要国有土地使用证，土地租赁协议及产权人同意报装证明材料吗,土地租赁协议及产权人同意报装证明材料都要吗,48
62,国有土地使用证，土地租赁协议及产权人同意报装证明材料,需要国有土地使用证，土地租赁协议及产权人同意报装证明材料吗,土地租赁协议及产权人同意报装证明材料都需要的吗,48
62,国有土地使用证，土地租赁协议及产权人同意报装证明材料,需要国有土地使用证，土地租赁协议及产权人同意报装证明材料吗,要带着土地租赁协议吗,48
62,国有土地使用证，土地租赁协议及产权人同意报装证明材料,需要国有土地使用证，土地租赁协议及产权人同意报装证明材料吗,需要国有土地使用证吗,48
62,国有土地使用证，土地租赁协议及产权人同意报装证明材料,需要国有土地使用证，土地租赁协议及产权人同意报装证明材料吗,要产权人同意报装证明材料吗,48
62,国有土地使用证，土地租赁协议及产权人同意报装证明材料,需要国有土地使用证，土地租赁协议及产权人同意报装证明材料吗,需要产权人同意报装证明材料吗,48
62,国有土地使用证，土地租赁协议及产权人同意报装证明材料,需要国有土地使用证，土地租赁协议及产权人同意报装证明材料吗,土地租赁协议及产权人同意报装证明材料都得要吗,48
64,由所在乡、镇或乡镇以上级别政府部门根据所辖权限开据证明,需要由所在乡、镇或乡镇以上级别政府部门根据所辖权限开据证明吗,要由所在乡、镇或乡镇以上级别政府部门根据所辖权限开据证明吗,49
64,由所在乡、镇或乡镇以上级别政府部门根据所辖权限开据证明,需要由所在乡、镇或乡镇以上级别政府部门根据所辖权限开据证明吗,请问要由所在乡、镇或乡镇以上级别政府部门根据所辖权限开据证明吗,49
64,由所在乡、镇或乡镇以上级别政府部门根据所辖权限开据证明,需要由所在乡、镇或乡镇以上级别政府部门根据所辖权限开据证明吗,请问需要由所在乡、镇或乡镇以上级别政府部门根据所辖权限开据证明吗,49
64,由所在乡、镇或乡镇以上级别政府部门根据所辖权限开据证明,需要由所在乡、镇或乡镇以上级别政府部门根据所辖权限开据证明吗,由所在乡、镇或乡镇以上级别政府部门根据所辖权限开据证明，这个需要吗,49
64,由所在乡、镇或乡镇以上级别政府部门根据所辖权限开据证明,需要由所在乡、镇或乡镇以上级别政府部门根据所辖权限开据证明吗,由所在乡、镇或乡镇以上级别政府部门根据所辖权限开据证明也需要吗,49
64,由所在乡、镇或乡镇以上级别政府部门根据所辖权限开据证明,需要由所在乡、镇或乡镇以上级别政府部门根据所辖权限开据证明吗,需不需要由所在乡、镇或乡镇以上级别政府部门根据所辖权限开据证明吗,49
64,由所在乡、镇或乡镇以上级别政府部门根据所辖权限开据证明,需要由所在乡、镇或乡镇以上级别政府部门根据所辖权限开据证明吗,由所在乡、镇或乡镇以上级别政府部门根据所辖权限开据证明也是需要的吗,49
64,由所在乡、镇或乡镇以上级别政府部门根据所辖权限开据证明,需要由所在乡、镇或乡镇以上级别政府部门根据所辖权限开据证明吗,由所在乡、镇或乡镇以上级别政府部门根据所辖权限开据证明需要吗,49
64,由所在乡、镇或乡镇以上级别政府部门根据所辖权限开据证明,需要由所在乡、镇或乡镇以上级别政府部门根据所辖权限开据证明吗,由所在乡、镇或乡镇以上级别政府部门根据所辖权限开据证明是不是也要？,49
64,由所在乡、镇或乡镇以上级别政府部门根据所辖权限开据证明,需要由所在乡、镇或乡镇以上级别政府部门根据所辖权限开据证明吗,所在乡、镇或乡镇以上级别政府部门根据所辖权限开据的证明也得带着？,49
67,国家优惠电价,属于国家优惠电价,是国家优惠电价,50
67,国家优惠电价,属于国家优惠电价,当时电价有打折,50
67,国家优惠电价,属于国家优惠电价,电价打折了,50
67,国家优惠电价,属于国家优惠电价,属于优惠电价,50
67,国家优惠电价,属于国家优惠电价,电价有优惠哦,50
67,国家优惠电价,属于国家优惠电价,七折电价,50
67,国家优惠电价,属于国家优惠电价,电价打了折,50
67,国家优惠电价,属于国家优惠电价,五折电价,50
67,国家优惠电价,属于国家优惠电价,八折电价,50
67,国家优惠电价,属于国家优惠电价,当时电价有优惠,50
68,政府有关部门核发的资质证明和公益证明（学校、养老院、居委会等）,需要政府有关部门核发的资质证明和公益证明（学校、养老院、居委会等）吗,要政府有关部门核发的资质证明和公益证明（学校、养老院、居委会等）吗,51
68,政府有关部门核发的资质证明和公益证明（学校、养老院、居委会等）,需要政府有关部门核发的资质证明和公益证明（学校、养老院、居委会等）吗,我要带着政府有关部门核发的资质证明和公益证明（学校、养老院、居委会等）吗,51
68,政府有关部门核发的资质证明和公益证明（学校、养老院、居委会等）,需要政府有关部门核发的资质证明和公益证明（学校、养老院、居委会等）吗,需要带着政府有关部门核发的资质证明和公益证明（学校、养老院、居委会等）,51
68,政府有关部门核发的资质证明和公益证明（学校、养老院、居委会等）,需要政府有关部门核发的资质证明和公益证明（学校、养老院、居委会等）吗,需要拿着政府有关部门核发的资质证明和公益证明（学校、养老院、居委会等）吗,51
68,政府有关部门核发的资质证明和公益证明（学校、养老院、居委会等）,需要政府有关部门核发的资质证明和公益证明（学校、养老院、居委会等）吗,政府有关部门核发的资质证明和公益证明（学校、养老院、居委会等）也要吗,51
68,政府有关部门核发的资质证明和公益证明（学校、养老院、居委会等）,需要政府有关部门核发的资质证明和公益证明（学校、养老院、居委会等）吗,需要带政府有关部门核发的资质证明吗,51
68,政府有关部门核发的资质证明和公益证明（学校、养老院、居委会等）,需要政府有关部门核发的资质证明和公益证明（学校、养老院、居委会等）吗,需要带政府有关部门核发的资质证明和公益证明吗,51
68,政府有关部门核发的资质证明和公益证明（学校、养老院、居委会等）,需要政府有关部门核发的资质证明和公益证明（学校、养老院、居委会等）吗,需要准备政府有关部门核发的资质证明和公益证明吗,51
68,政府有关部门核发的资质证明和公益证明（学校、养老院、居委会等）,需要政府有关部门核发的资质证明和公益证明（学校、养老院、居委会等）吗,需不需要政府有关部门核发公益证明,51
68,政府有关部门核发的资质证明和公益证明（学校、养老院、居委会等）,需要政府有关部门核发的资质证明和公益证明（学校、养老院、居委会等）吗,需要带着政府有关部门核发的资质证明嘛,51
69,项目立项及批复,需要项目立项及批复吗,要项目立项及批复吗,52
69,项目立项及批复,需要项目立项及批复吗,要带项目立项及批复吗,52
69,项目立项及批复,需要项目立项及批复吗,需要带项目立项及批复吗,52
69,项目立项及批复,需要项目立项及批复吗,要带着项目立项及批复吗,52
69,项目立项及批复,需要项目立项及批复吗,需要带着项目立项及批复吗,52
69,项目立项及批复,需要项目立项及批复吗,项目立项及批复也需要吗,52
69,项目立项及批复,需要项目立项及批复吗,要准备项目立项及批复吗,52
69,项目立项及批复,需要项目立项及批复吗,项目立项及批复也要准备吗,52
69,项目立项及批复,需要项目立项及批复吗,我需要带着项目立项及批复吗,52
69,项目立项及批复,需要项目立项及批复吗,需不需要项目立项及批复吗,52
70,上级批准文件、立项批准文件,需要上级批准文件、立项批准文件吗,要上级批准文件、立项批准文件吗,53
70,上级批准文件、立项批准文件,需要上级批准文件、立项批准文件吗,要上级批准文件吗,53
70,上级批准文件、立项批准文件,需要上级批准文件、立项批准文件吗,需要上级批准文件吗,53
70,上级批准文件、立项批准文件,需要上级批准文件、立项批准文件吗,要带上级批准文件吗,53
70,上级批准文件、立项批准文件,需要上级批准文件、立项批准文件吗,要带着上级批准文件吗,53
70,上级批准文件、立项批准文件,需要上级批准文件、立项批准文件吗,要带着立项批准文件吗,53
70,上级批准文件、立项批准文件,需要上级批准文件、立项批准文件吗,需不需要立项批准文件吗,53
70,上级批准文件、立项批准文件,需要上级批准文件、立项批准文件吗,需不需要带着立项批准文件吗,53
70,上级批准文件、立项批准文件,需要上级批准文件、立项批准文件吗,上级批准文件和立项批准文件都需要吗,53
70,上级批准文件、立项批准文件,需要上级批准文件、立项批准文件吗,上级批准文件和立项批准文件呢,53
71,需要规划立项,需要规划立项,要规划立项,54
72,建设工程规划许可证及附件,需要建设工程规划许可证及附件吗,要建设工程规划许可证及附件吗,55
72,建设工程规划许可证及附件,需要建设工程规划许可证及附件吗,我需要带建设工程规划许可证及附件吗,55
72,建设工程规划许可证及附件,需要建设工程规划许可证及附件吗,需不需要建设工程规划许可证及附件,55
72,建设工程规划许可证及附件,需要建设工程规划许可证及附件吗,建设工程规划许可证及附件也要带着吗,55
72,建设工程规划许可证及附件,需要建设工程规划许可证及附件吗,要建设工程规划许可证吗,55
72,建设工程规划许可证及附件,需要建设工程规划许可证及附件吗,需要建设工程规划许可证吗,55
72,建设工程规划许可证及附件,需要建设工程规划许可证及附件吗,要建设工程规划许可证附件吗,55
72,建设工程规划许可证及附件,需要建设工程规划许可证及附件吗,需要要建设工程规划许可证附件吗,55
72,建设工程规划许可证及附件,需要建设工程规划许可证及附件吗,建设工程规划许可证附件也要吗,55
72,建设工程规划许可证及附件,需要建设工程规划许可证及附件吗,建设工程规划许可证附件也要带着吗,55
73,钢铁、电解铝、铁合金、水泥、电石、烧碱、黄磷、锌冶炼高耗能等特殊行业客户,属于钢铁、电解铝、铁合金、水泥、电石、烧碱、黄磷、锌冶炼高耗能等特殊行业客户,我属于钢铁、电解铝、铁合金、水泥、电石、烧碱、黄磷、锌冶炼高耗能等特殊行业客户,56
73,钢铁、电解铝、铁合金、水泥、电石、烧碱、黄磷、锌冶炼高耗能等特殊行业客户,属于钢铁、电解铝、铁合金、水泥、电石、烧碱、黄磷、锌冶炼高耗能等特殊行业客户,我是做钢铁的,56
73,钢铁、电解铝、铁合金、水泥、电石、烧碱、黄磷、锌冶炼高耗能等特殊行业客户,属于钢铁、电解铝、铁合金、水泥、电石、烧碱、黄磷、锌冶炼高耗能等特殊行业客户,我是做电解铝的,56
73,钢铁、电解铝、铁合金、水泥、电石、烧碱、黄磷、锌冶炼高耗能等特殊行业客户,属于钢铁、电解铝、铁合金、水泥、电石、烧碱、黄磷、锌冶炼高耗能等特殊行业客户,我是做铁合金的,56
73,钢铁、电解铝、铁合金、水泥、电石、烧碱、黄磷、锌冶炼高耗能等特殊行业客户,属于钢铁、电解铝、铁合金、水泥、电石、烧碱、黄磷、锌冶炼高耗能等特殊行业客户,我是水泥行业的,56
73,钢铁、电解铝、铁合金、水泥、电石、烧碱、黄磷、锌冶炼高耗能等特殊行业客户,属于钢铁、电解铝、铁合金、水泥、电石、烧碱、黄磷、锌冶炼高耗能等特殊行业客户,我是电石行业的,56
73,钢铁、电解铝、铁合金、水泥、电石、烧碱、黄磷、锌冶炼高耗能等特殊行业客户,属于钢铁、电解铝、铁合金、水泥、电石、烧碱、黄磷、锌冶炼高耗能等特殊行业客户,我是做烧碱的,56
73,钢铁、电解铝、铁合金、水泥、电石、烧碱、黄磷、锌冶炼高耗能等特殊行业客户,属于钢铁、电解铝、铁合金、水泥、电石、烧碱、黄磷、锌冶炼高耗能等特殊行业客户,我是做黄磷的,56
73,钢铁、电解铝、铁合金、水泥、电石、烧碱、黄磷、锌冶炼高耗能等特殊行业客户,属于钢铁、电解铝、铁合金、水泥、电石、烧碱、黄磷、锌冶炼高耗能等特殊行业客户,我是锌冶炼行业的,56
73,钢铁、电解铝、铁合金、水泥、电石、烧碱、黄磷、锌冶炼高耗能等特殊行业客户,属于钢铁、电解铝、铁合金、水泥、电石、烧碱、黄磷、锌冶炼高耗能等特殊行业客户,我属于高耗能行业客户,56
74,相关政府部门批准的许可文件包括政府主管部门立项或批复文件，环境评估报告、生产许可证等,需要相关政府部门批准的许可文件包括政府主管部门立项或批复文件，环境评估报告、生产许可证等吗,要相关政府部门批准的许可文件包括政府主管部门立项或批复文件，环境评估报告、生产许可证等吗,57
74,相关政府部门批准的许可文件包括政府主管部门立项或批复文件，环境评估报告、生产许可证等,需要相关政府部门批准的许可文件包括政府主管部门立项或批复文件，环境评估报告、生产许可证等吗,我需要带相关政府部门批准的许可文件包括政府主管部门立项或批复文件，环境评估报告、生产许可证等吗,57
74,相关政府部门批准的许可文件包括政府主管部门立项或批复文件，环境评估报告、生产许可证等,需要相关政府部门批准的许可文件包括政府主管部门立项或批复文件，环境评估报告、生产许可证等吗,我要带相关政府部门批准的许可文件包括政府主管部门立项或批复文件，环境评估报告、生产许可证等嘛,57
74,相关政府部门批准的许可文件包括政府主管部门立项或批复文件，环境评估报告、生产许可证等,需要相关政府部门批准的许可文件包括政府主管部门立项或批复文件，环境评估报告、生产许可证等吗,我需不需要带着相关政府部门批准的许可文件包括政府主管部门立项或批复文件，环境评估报告、生产许可证等？,57
74,相关政府部门批准的许可文件包括政府主管部门立项或批复文件，环境评估报告、生产许可证等,需要相关政府部门批准的许可文件包括政府主管部门立项或批复文件，环境评估报告、生产许可证等吗,需不需要带着环境评估报告？,57
74,相关政府部门批准的许可文件包括政府主管部门立项或批复文件，环境评估报告、生产许可证等,需要相关政府部门批准的许可文件包括政府主管部门立项或批复文件，环境评估报告、生产许可证等吗,相关政府部门批准的许可文件包括政府主管部门立项或批复文件，环境评估报告、生产许可证等都需要吗,57
74,相关政府部门批准的许可文件包括政府主管部门立项或批复文件，环境评估报告、生产许可证等,需要相关政府部门批准的许可文件包括政府主管部门立项或批复文件，环境评估报告、生产许可证等吗,生产许可证需要嘛？,57
74,相关政府部门批准的许可文件包括政府主管部门立项或批复文件，环境评估报告、生产许可证等,需要相关政府部门批准的许可文件包括政府主管部门立项或批复文件，环境评估报告、生产许可证等吗,相关政府部门批准的许可文件包括政府主管部门立项或批复文件，环境评估报告、生产许可证等也要吗,57
74,相关政府部门批准的许可文件包括政府主管部门立项或批复文件，环境评估报告、生产许可证等,需要相关政府部门批准的许可文件包括政府主管部门立项或批复文件，环境评估报告、生产许可证等吗,请问需要带相关政府部门批准的许可文件包括政府主管部门立项或批复文件，环境评估报告、生产许可证等嘛,57
74,相关政府部门批准的许可文件包括政府主管部门立项或批复文件，环境评估报告、生产许可证等,需要相关政府部门批准的许可文件包括政府主管部门立项或批复文件，环境评估报告、生产许可证等吗,相关政府部门批准的许可文件需要吗,57
75,方案答复,方案答复这一步怎么做,方案答复具体指什么,58
75,方案答复,方案答复这一步怎么做,方案答复这一步我需要做什么？,58
75,方案答复,方案答复这一步怎么做,方案答复不太清楚怎么做,58
75,方案答复,方案答复这一步怎么做,方案答复是？,58
75,方案答复,方案答复这一步怎么做,方案答复不明白,58
75,方案答复,方案答复这一步怎么做,方案答复是哪一步？,58
75,方案答复,方案答复这一步怎么做,什么是方案答复,58
75,方案答复,方案答复这一步怎么做,啥是方案答复具体指什么,58
75,方案答复,方案答复这一步怎么做,方案答复的话，需要我怎么做呢,58
75,方案答复,方案答复这一步怎么做,方案答复是指？,58
79,装表接电,装表接电这一步怎么做,装表接电具体指什么,59
79,装表接电,装表接电这一步怎么做,装表接电是？,59
79,装表接电,装表接电这一步怎么做,装表接电是怎么回事,59
79,装表接电,装表接电这一步怎么做,装表接电需要我做什么嘛,59
79,装表接电,装表接电这一步怎么做,装表接电不太懂,59
79,装表接电,装表接电这一步怎么做,装表接电是啥,59
79,装表接电,装表接电这一步怎么做,装表接电，不是很明白,59
79,装表接电,装表接电这一步怎么做,不知道装表接电是啥,59
79,装表接电,装表接电这一步怎么做,不清楚装表接电是指啥,59
79,装表接电,装表接电这一步怎么做,装表接电是指？？,59
